Datasheet,Image,DK Part #,Mfr Part #,Mfr,Supplier,Description,Stock,Price,@ qty,Min Qty, Package,Series,Product Status,"Capacitance","Tolerance","Voltage - Rated","Temperature Coefficient","Operating Temperature","Features","Ratings","Applications","Failure Rate","Mounting Type","Package / Case","Size / Dimension","Height - Seated (Max)","Thickness (Max)","Lead Spacing","Lead Style"
"https://datasheets.kyocera-avx.com/KGM_X7R.pdf","//mm.digikey.com/Volume0/opasdata/d220001/medias/images/805/1206-%283216-Metric%29-1%2C78mm-Q-Code.jpg","478-KGM31AR71C106KUTR-ND,478-KGM31AR71C106KUCT-ND,478-KGM31AR71C106KUDKR-ND","1206YC106KAT2A","KYOCERA AVX","KYOCERA AVX","CAP CER 10UF 16V X7R 1206","126,236","0.69","0","1","Tape & Reel (TR),Cut Tape (CT),Digi-Reel®","KGM - X7R","Active","10 µF","±10%","16V","X7R","-55°C ~ 125°C","-","-","General Purpose","-","Surface Mount, MLCC","1206 (3216 Metric)","0.126"" L x 0.063"" W (3.20mm x 1.60mm)","-","0.075"" (1.90mm)","-","-"
"https://datasheets.kyocera-avx.com/LD-Series.pdf","//mm.digikey.com/Volume0/opasdata/d220001/medias/images/805/1206-%283216-Metric%29-1%2C78mm-Q-Code.jpg","478-10969-2-ND,478-10969-1-ND,478-10969-6-ND","LD06YC106KAB2A","KYOCERA AVX","KYOCERA AVX","CAP CER 10UF 16V X7R 1206","2,195","6.39","0","1","Tape & Reel (TR),Cut Tape (CT),Digi-Reel®","LD","Active","10 µF","±10%","16V","X7R","-55°C ~ 125°C","-","-","General Purpose","-","Surface Mount, MLCC","1206 (3216 Metric)","0.126"" L x 0.063"" W (3.20mm x 1.60mm)","-","0.070"" (1.78mm)","-","-"
"https://datasheets.kyocera-avx.com/KGM_X7R.pdf","//mm.digikey.com/Volume0/opasdata/d220001/medias/images/761/1206-%283216-Metric%29-1%2C27mm-M-Code.jpg","478-KGM31HR71C105KUTR-ND,478-KGM31HR71C105KUCT-ND,478-KGM31HR71C105KUDKR-ND","1206YC105KAT2A","KYOCERA AVX","KYOCERA AVX","CAP CER 1UF 16V X7R 1206","93,825","0.28","0","1","Tape & Reel (TR),Cut Tape (CT),Digi-Reel®","KGM - X7R","Active","1 µF","±10%","16V","X7R","-55°C ~ 125°C","-","-","General Purpose","-","Surface Mount, MLCC","1206 (3216 Metric)","0.126"" L x 0.063"" W (3.20mm x 1.60mm)","-","0.075"" (1.90mm)","-","-"
"https://datasheets.kyocera-avx.com/KGM_X7R.pdf","//mm.digikey.com/Volume0/opasdata/d220001/medias/images/736/1206-%283216-Metric%29-0%2C94mm-J-Code.jpg","478-KGM31BR71C104KTTR-ND,478-KGM31BR71C104KTCT-ND,478-KGM31BR71C104KTDKR-ND","KGM31BR71C104KT","KYOCERA AVX","KYOCERA AVX","CAP CER 0.1UF 16V X7R 1206","9,567","0.28","0","1","Tape & Reel (TR),Cut Tape (CT),Digi-Reel®","KGM - X7R","Active","0.1 µF","±10%","16V","X7R","-55°C ~ 125°C","-","-","General Purpose","-","Surface Mount, MLCC","1206 (3216 Metric)","0.126"" L x 0.063"" W (3.20mm x 1.60mm)","-","0.037"" (0.94mm)","-","-"
"https://datasheets.kyocera-avx.com/KGM_X7R.pdf","//mm.digikey.com/Volume0/opasdata/d220001/medias/images/736/1206-%283216-Metric%29-0%2C94mm-J-Code.jpg","478-KGM31HR71C475KUTR-ND,478-KGM31HR71C475KUCT-ND,478-KGM31HR71C475KUDKR-ND","1206YC475KAT2A","KYOCERA AVX","KYOCERA AVX","CAP CER 4.7UF 16V X7R 1206","9,748","0.43","0","1","Tape & Reel (TR),Cut Tape (CT),Digi-Reel®","KGM - X7R","Active","4.7 µF","±10%","16V","X7R","-55°C ~ 125°C","-","-","General Purpose","-","Surface Mount, MLCC","1206 (3216 Metric)","0.126"" L x 0.063"" W (3.20mm x 1.60mm)","-","0.075"" (1.90mm)","-","-"
"https://datasheets.kyocera-avx.com/KGM_X7R.pdf","//mm.digikey.com/Volume0/opasdata/d220001/medias/images/805/1206-%283216-Metric%29-1%2C78mm-Q-Code.jpg","478-KGM31HR71C225KUTR-ND,478-KGM31HR71C225KUCT-ND,478-KGM31HR71C225KUDKR-ND","1206YC225KAT2A","KYOCERA AVX","KYOCERA AVX","CAP CER 2.2UF 16V X7R 1206","23,420","0.48","0","1","Tape & Reel (TR),Cut Tape (CT),Digi-Reel®","KGM - X7R","Active","2.2 µF","±10%","16V","X7R","-55°C ~ 125°C","-","-","General Purpose","-","Surface Mount, MLCC","1206 (3216 Metric)","0.126"" L x 0.063"" W (3.20mm x 1.60mm)","-","0.075"" (1.90mm)","-","-"
"https://datasheets.kyocera-avx.com/KGM_X7R.pdf","//mm.digikey.com/Volume0/opasdata/d220001/medias/images/805/1206-%283216-Metric%29-1%2C78mm-Q-Code.jpg","478-KGM31AR71C106MUTR-ND,478-KGM31AR71C106MUCT-ND,478-KGM31AR71C106MUDKR-ND","1206YC106MAT2A","KYOCERA AVX","KYOCERA AVX","CAP CER 10UF 16V X7R 1206","9,777","0.78","0","1","Tape & Reel (TR),Cut Tape (CT),Digi-Reel®","KGM - X7R","Active","10 µF","±20%","16V","X7R","-55°C ~ 125°C","-","-","General Purpose","-","Surface Mount, MLCC","1206 (3216 Metric)","0.126"" L x 0.063"" W (3.20mm x 1.60mm)","-","0.075"" (1.90mm)","-","-"
"https://datasheets.kyocera-avx.com/KGM_X7R.pdf","//mm.digikey.com/Volume0/opasdata/d220001/medias/images/761/1206-%283216-Metric%29-1%2C27mm-M-Code.jpg","478-KGM31HR71C684JUTR-ND,478-KGM31HR71C684JUCT-ND,478-KGM31HR71C684JUDKR-ND","KGM31HR71C684JU","KYOCERA AVX","KYOCERA AVX","CAP CER 0.68UF 16V X7R 1206","5,140","0.23","0","1","Tape & Reel (TR),Cut Tape (CT),Digi-Reel®","KGM - X7R","Active","0.68 µF","±5%","16V","X7R","-55°C ~ 125°C","-","-","General Purpose","-","Surface Mount, MLCC","1206 (3216 Metric)","0.126"" L x 0.063"" W (3.20mm x 1.60mm)","-","0.075"" (1.90mm)","-","-"
"https://datasheets.kyocera-avx.com/KGM_X7R.pdf","//mm.digikey.com/Volume0/opasdata/d220001/medias/images/736/1206-%283216-Metric%29-0%2C94mm-J-Code.jpg","478-KGM31HR71C475MUTR-ND,478-KGM31HR71C475MUCT-ND,478-KGM31HR71C475MUDKR-ND","1206YC475MAT2A","KYOCERA AVX","KYOCERA AVX","CAP CER 4.7UF 16V X7R 1206","3,154","0.24","0","1","Tape & Reel (TR),Cut Tape (CT),Digi-Reel®","KGM - X7R","Active","4.7 µF","±20%","16V","X7R","-55°C ~ 125°C","-","-","General Purpose","-","Surface Mount, MLCC","1206 (3216 Metric)","0.126"" L x 0.063"" W (3.20mm x 1.60mm)","-","0.075"" (1.90mm)","-","-"
"https://datasheets.kyocera-avx.com/KGM_X7R.pdf","//mm.digikey.com/Volume0/opasdata/d220001/medias/images/736/1206-%283216-Metric%29-0%2C94mm-J-Code.jpg","478-KGM31BR71C102KTTR-ND,478-KGM31BR71C102KTCT-ND,478-KGM31BR71C102KTDKR-ND","KGM31BR71C102KT","KYOCERA AVX","KYOCERA AVX","CAP CER 1000PF 16V X7R 1206","2,381","0.25","0","1","Tape & Reel (TR),Cut Tape (CT),Digi-Reel®","KGM - X7R","Active","1000 pF","±10%","16V","X7R","-55°C ~ 125°C","-","-","General Purpose","-","Surface Mount, MLCC","1206 (3216 Metric)","0.126"" L x 0.063"" W (3.20mm x 1.60mm)","-","0.037"" (0.94mm)","-","-"
"https://datasheets.kyocera-avx.com/FlexitermMLCC.pdf","//mm.digikey.com/Volume0/opasdata/d220001/medias/images/761/1206-%283216-Metric%29-1%2C27mm-M-Code.jpg","478-KAF31NR71C105JUTR-ND,478-KAF31NR71C105JUCT-ND,478-KAF31NR71C105JUDKR-ND","1206YC105J4Z2A","KYOCERA AVX","KYOCERA AVX","CAP CER 1UF 16V X7R 1206","1,770","0.29","0","1","Tape & Reel (TR),Cut Tape (CT),Digi-Reel®","FLEXITERM®","Active","1 µF","±5%","16V","X7R","-55°C ~ 125°C","Soft Termination","AEC-Q200","Automotive, Boardflex Sensitive","-","Surface Mount, MLCC","1206 (3216 Metric)","0.126"" L x 0.063"" W (3.20mm x 1.60mm)","-","0.050"" (1.27mm)","-","-"
"https://datasheets.kyocera-avx.com/KGM_X7R.pdf","//mm.digikey.com/Volume0/opasdata/d220001/medias/images/761/1206-%283216-Metric%29-1%2C27mm-M-Code.jpg","478-KGM31HR71C105KLTR-ND,478-KGM31HR71C105KLCT-ND,478-KGM31HR71C105KLDKR-ND","1206YC105KAT4A","KYOCERA AVX","KYOCERA AVX","CAP CER 1UF 16V X7R 1206","11,215","0.3","0","1","Tape & Reel (TR),Cut Tape (CT),Digi-Reel®","KGM - X7R","Active","1 µF","±10%","16V","X7R","-55°C ~ 125°C","-","-","General Purpose","-","Surface Mount, MLCC","1206 (3216 Metric)","0.126"" L x 0.063"" W (3.20mm x 1.60mm)","-","0.075"" (1.90mm)","-","-"
"https://datasheets.kyocera-avx.com/KGM_X7R.pdf","//mm.digikey.com/Volume0/opasdata/d220001/medias/images/761/1206-%283216-Metric%29-1%2C27mm-M-Code.jpg","478-KGM31HR71C474KUTR-ND,478-KGM31HR71C474KUCT-ND,478-KGM31HR71C474KUDKR-ND","KGM31HR71C474KU","KYOCERA AVX","KYOCERA AVX","CAP CER 0.47UF 16V X7R 1206","22,149","0.33","0","1","Tape & Reel (TR),Cut Tape (CT),Digi-Reel®","KGM - X7R","Active","0.47 µF","±10%","16V","X7R","-55°C ~ 125°C","-","-","General Purpose","-","Surface Mount, MLCC","1206 (3216 Metric)","0.126"" L x 0.063"" W (3.20mm x 1.60mm)","-","0.075"" (1.90mm)","-","-"
"https://datasheets.kyocera-avx.com/AutoMLCCKAM.pdf","//mm.digikey.com/Volume0/opasdata/d220001/medias/images/736/1206-%283216-Metric%29-0%2C94mm-J-Code.jpg","478-KAM31NR71C105KUTR-ND,478-KAM31NR71C105KUCT-ND,478-KAM31NR71C105KUDKR-ND","1206YC105K4T2A","KYOCERA AVX","KYOCERA AVX","CAP CER 1UF 16V X7R 1206","2,139","0.37","0","1","Tape & Reel (TR),Cut Tape (CT),Digi-Reel®","-","Active","1 µF","±10%","16V","X7R","-55°C ~ 125°C","-","AEC-Q200","Automotive","-","Surface Mount, MLCC","1206 (3216 Metric)","0.126"" L x 0.063"" W (3.20mm x 1.60mm)","-","0.037"" (0.94mm)","-","-"
"https://datasheets.kyocera-avx.com/KGM_X7R.pdf","//mm.digikey.com/Volume0/opasdata/d220001/medias/images/805/1206-%283216-Metric%29-1%2C78mm-Q-Code.jpg","478-KGM31HR71C225KLTR-ND,478-KGM31HR71C225KLCT-ND,478-KGM31HR71C225KLDKR-ND","1206YC225KAT4A","KYOCERA AVX","KYOCERA AVX","CAP CER 2.2UF 16V X7R 1206","1,584","0.37","0","1","Tape & Reel (TR),Cut Tape (CT),Digi-Reel®","KGM - X7R","Active","2.2 µF","±10%","16V","X7R","-55°C ~ 125°C","-","-","General Purpose","-","Surface Mount, MLCC","1206 (3216 Metric)","0.126"" L x 0.063"" W (3.20mm x 1.60mm)","-","0.075"" (1.90mm)","-","-"
"https://datasheets.kyocera-avx.com/X7RDielectric.pdf","//mm.digikey.com/Volume0/opasdata/d220001/medias/images/736/1206-%283216-Metric%29-0%2C94mm-J-Code.jpg","478-1206YC204KAT4ATR-ND,478-1206YC204KAT4ACT-ND,478-1206YC204KAT4ADKR-ND","1206YC204KAT4A","KYOCERA AVX","KYOCERA AVX","CAP CER 0.2UF 16V X7R 1206","24,398","0.43","0","1","Tape & Reel (TR),Cut Tape (CT),Digi-Reel®","-","Active","0.2 µF","±10%","16V","X7R","-55°C ~ 125°C","-","-","General Purpose","-","Surface Mount, MLCC","1206 (3216 Metric)","0.126"" L x 0.063"" W (3.20mm x 1.60mm)","-","0.037"" (0.94mm)","-","-"
"https://datasheets.kyocera-avx.com/KGM_X7R.pdf","//mm.digikey.com/Volume0/opasdata/d220001/medias/images/761/1206-%283216-Metric%29-1%2C27mm-M-Code.jpg","478-KGM31HR71C684KUTR-ND,478-KGM31HR71C684KUCT-ND,478-KGM31HR71C684KUDKR-ND","KGM31HR71C684KU","KYOCERA AVX","KYOCERA AVX","CAP CER 0.68UF 16V X7R 1206","5,700","0.45","0","1","Tape & Reel (TR),Cut Tape (CT),Digi-Reel®","KGM - X7R","Active","0.68 µF","±10%","16V","X7R","-55°C ~ 125°C","-","-","General Purpose","-","Surface Mount, MLCC","1206 (3216 Metric)","0.126"" L x 0.063"" W (3.20mm x 1.60mm)","-","0.075"" (1.90mm)","-","-"
"https://datasheets.kyocera-avx.com/KGM_X7R.pdf","//mm.digikey.com/Volume0/opasdata/d220001/medias/images/761/1206-%283216-Metric%29-1%2C27mm-M-Code.jpg","478-KGM31HR71C105MUTR-ND,478-KGM31HR71C105MUCT-ND,478-KGM31HR71C105MUDKR-ND","1206YC105MAT2A","KYOCERA AVX","KYOCERA AVX","CAP CER 1UF 16V X7R 1206","5,838","0.64","0","1","Tape & Reel (TR),Cut Tape (CT),Digi-Reel®","KGM - X7R","Active","1 µF","±20%","16V","X7R","-55°C ~ 125°C","-","-","General Purpose","-","Surface Mount, MLCC","1206 (3216 Metric)","0.126"" L x 0.063"" W (3.20mm x 1.60mm)","-","0.075"" (1.90mm)","-","-"
"https://datasheets.kyocera-avx.com/KGM_X7R.pdf","//mm.digikey.com/Volume0/opasdata/d220001/medias/images/761/1206-%283216-Metric%29-1%2C27mm-M-Code.jpg","478-KGM31HR71C105JUTR-ND,478-KGM31HR71C105JUCT-ND,478-KGM31HR71C105JUDKR-ND","1206YC105JAT2A","KYOCERA AVX","KYOCERA AVX","CAP CER 1UF 16V X7R 1206","8,094","0.66","0","1","Tape & Reel (TR),Cut Tape (CT),Digi-Reel®","KGM - X7R","Active","1 µF","±5%","16V","X7R","-55°C ~ 125°C","-","-","General Purpose","-","Surface Mount, MLCC","1206 (3216 Metric)","0.126"" L x 0.063"" W (3.20mm x 1.60mm)","-","0.075"" (1.90mm)","-","-"
"https://datasheets.kyocera-avx.com/KGM_X7R.pdf","//mm.digikey.com/Volume0/opasdata/d220001/medias/images/2659/MFG_MLCC-X5R.jpg","478-KGM31AR71C106KLTR-ND,478-KGM31AR71C106KLCT-ND,478-KGM31AR71C106KLDKR-ND","KGM31AR71C106KL","KYOCERA AVX","KYOCERA AVX","CAP CER 10UF 16V X7R 1206","5,760","0.66","0","1","Tape & Reel (TR),Cut Tape (CT),Digi-Reel®","KGM - X7R","Active","10 µF","±10%","16V","X7R","-55°C ~ 125°C","-","-","General Purpose","-","Surface Mount, MLCC","1206 (3216 Metric)","0.126"" L x 0.063"" W (3.20mm x 1.60mm)","-","0.075"" (1.90mm)","-","-"
"https://datasheets.kyocera-avx.com/KGF.pdf","//mm.digikey.com/Volume0/opasdata/d220001/medias/images/761/1206-%283216-Metric%29-1%2C27mm-M-Code.jpg","478-KGF31NR71C105KUTR-ND,478-KGF31NR71C105KUCT-ND,478-KGF31NR71C105KUDKR-ND","KGF31NR71C105KU","KYOCERA AVX","KYOCERA AVX","CAP CER 1UF 16V X7R 1206","1,600","0.68","0","1","Tape & Reel (TR),Cut Tape (CT),Digi-Reel®","FLEXITERM®","Active","1 µF","±10%","16V","X7R","-55°C ~ 125°C","Soft Termination","-","Boardflex Sensitive","-","Surface Mount, MLCC","1206 (3216 Metric)","0.126"" L x 0.063"" W (3.20mm x 1.60mm)","-","0.050"" (1.27mm)","-","-"
"https://datasheets.kyocera-avx.com/FlexitermMLCC.pdf","//mm.digikey.com/Volume0/opasdata/d220001/medias/images/761/1206-%283216-Metric%29-1%2C27mm-M-Code.jpg","478-KAF31NR71C105KUTR-ND,478-KAF31NR71C105KUCT-ND,478-KAF31NR71C105KUDKR-ND","KAF31NR71C105KU","KYOCERA AVX","KYOCERA AVX","CAP CER 1UF 16V X7R 1206","3,513","0.94","0","1","Tape & Reel (TR),Cut Tape (CT),Digi-Reel®","FLEXITERM®","Active","1 µF","±10%","16V","X7R","-55°C ~ 125°C","Soft Termination","AEC-Q200","Automotive, Boardflex Sensitive","-","Surface Mount, MLCC","1206 (3216 Metric)","0.126"" L x 0.063"" W (3.20mm x 1.60mm)","-","0.050"" (1.27mm)","-","-"
"https://datasheets.kyocera-avx.com/hvld.pdf","//mm.digikey.com/Volume0/opasdata/d220001/medias/images/4848/478_CERCAP.jpg","478-LD06YC106MAB2ATR-ND,478-LD06YC106MAB2ACT-ND,478-LD06YC106MAB2ADKR-ND","LD06YC106MAB2A","KYOCERA AVX","KYOCERA AVX","CAP CER SMD","2,298","10.2","0","1","Tape & Reel (TR),Cut Tape (CT),Digi-Reel®","LD","Active","10 µF","±20%","16V","X7R","-55°C ~ 125°C","-","-","General Purpose","-","Surface Mount, MLCC","1206 (3216 Metric)","0.126"" L x 0.063"" W (3.20mm x 1.60mm)","-","0.070"" (1.78mm)","-","-"
"https://datasheets.kyocera-avx.com/KGM_X7R.pdf","//mm.digikey.com/Volume0/opasdata/d220001/medias/images/736/1206-%283216-Metric%29-0%2C94mm-J-Code.jpg","478-KGM31VR71C334KUTR-ND,478-KGM31VR71C334KUCT-ND,478-KGM31VR71C334KUDKR-ND","KGM31VR71C334KU","KYOCERA AVX","KYOCERA AVX","CAP CER 0.33UF 16V X7R 1206","7,586","0.33","0","1","Tape & Reel (TR),Cut Tape (CT),Digi-Reel®","KGM - X7R","Active","0.33 µF","±10%","16V","X7R","-55°C ~ 125°C","-","-","General Purpose","-","Surface Mount, MLCC","1206 (3216 Metric)","0.126"" L x 0.063"" W (3.20mm x 1.60mm)","-","0.048"" (1.22mm)","-","-"
"https://datasheets.kyocera-avx.com/LD-Series.pdf","//mm.digikey.com/Volume0/opasdata/d220001/medias/images/761/1206-%283216-Metric%29-1%2C27mm-M-Code.jpg","478-LD06YC105KAB2ATR-ND,478-LD06YC105KAB2ACT-ND,478-LD06YC105KAB2ADKR-ND","LD06YC105KAB2A","KYOCERA AVX","KYOCERA AVX","CAP CER 1UF 16V X7R 1206","4,000","0.98","0","1","Tape & Reel (TR),Cut Tape (CT),Digi-Reel®","LD","Active","1 µF","±10%","16V","X7R","-55°C ~ 125°C","-","-","General Purpose","-","Surface Mount, MLCC","1206 (3216 Metric)","0.126"" L x 0.063"" W (3.20mm x 1.60mm)","-","0.050"" (1.27mm)","-","-"
"https://datasheets.kyocera-avx.com/X7RDielectric.pdf","//mm.digikey.com/Volume0/opasdata/d220001/medias/images/827/1206-%283216-Metric%29-1%2C80mm-Q-Code.jpg","478-9988-2-ND,478-9988-1-ND,478-9988-6-ND","1206YC335KAT2A","KYOCERA AVX","KYOCERA AVX","CAP CER 3.3UF 16V X7R 1206","331","1.27","0","1","Tape & Reel (TR),Cut Tape (CT),Digi-Reel®","-","Active","3.3 µF","±10%","16V","X7R","-55°C ~ 125°C","-","-","General Purpose","-","Surface Mount, MLCC","1206 (3216 Metric)","0.126"" L x 0.063"" W (3.20mm x 1.60mm)","-","0.071"" (1.80mm)","-","-"
"https://datasheets.kyocera-avx.com/KGM_X7R.pdf","//mm.digikey.com/Volume0/opasdata/d220001/medias/images/736/1206-%283216-Metric%29-0%2C94mm-J-Code.jpg","478-KGM31BR71C104MTTR-ND,478-KGM31BR71C104MTCT-ND,478-KGM31BR71C104MTDKR-ND","KGM31BR71C104MT","KYOCERA AVX","KYOCERA AVX","CAP CER 0.1UF 16V X7R 1206","3,701","0.24","0","1","Tape & Reel (TR),Cut Tape (CT),Digi-Reel®","KGM - X7R","Active","0.1 µF","±20%","16V","X7R","-55°C ~ 125°C","-","-","General Purpose","-","Surface Mount, MLCC","1206 (3216 Metric)","0.126"" L x 0.063"" W (3.20mm x 1.60mm)","-","0.037"" (0.94mm)","-","-"
"https://datasheets.kyocera-avx.com/KGM_X7R.pdf","//mm.digikey.com/Volume0/opasdata/d220001/medias/images/736/1206-%283216-Metric%29-0%2C94mm-J-Code.jpg","478-KGM31BR71C103JMTR-ND,478-KGM31BR71C103JMCT-ND,478-KGM31BR71C103JMDKR-ND","KGM31BR71C103JM","KYOCERA AVX","KYOCERA AVX","CAP CER 10000PF 16V X7R 1206","14,995","0.28","0","1","Tape & Reel (TR),Cut Tape (CT),Digi-Reel®","KGM - X7R","Active","10000 pF","±5%","16V","X7R","-55°C ~ 125°C","-","-","General Purpose","-","Surface Mount, MLCC","1206 (3216 Metric)","0.126"" L x 0.063"" W (3.20mm x 1.60mm)","-","0.037"" (0.94mm)","-","-"
"https://datasheets.kyocera-avx.com/KGM_X7R.pdf","//mm.digikey.com/Volume0/opasdata/d220001/medias/images/736/1206-%283216-Metric%29-0%2C94mm-J-Code.jpg","478-KGM31BR71C104JTTR-ND,478-KGM31BR71C104JTCT-ND,478-KGM31BR71C104JTDKR-ND","KGM31BR71C104JT","KYOCERA AVX","KYOCERA AVX","CAP CER 0.1UF 16V X7R 1206","6,964","0.31","0","1","Tape & Reel (TR),Cut Tape (CT),Digi-Reel®","KGM - X7R","Active","0.1 µF","±5%","16V","X7R","-55°C ~ 125°C","-","-","General Purpose","-","Surface Mount, MLCC","1206 (3216 Metric)","0.126"" L x 0.063"" W (3.20mm x 1.60mm)","-","0.037"" (0.94mm)","-","-"
"https://datasheets.kyocera-avx.com/AutoMLCCKAM.pdf","//mm.digikey.com/Volume0/opasdata/d220001/medias/images/5972/MFG_478%7EKAM-Series.jpg","478-KAM31BR71C104KTTR-ND,478-KAM31BR71C104KTCT-ND,478-KAM31BR71C104KTDKR-ND","1206YC104K4T2A","KYOCERA AVX","KYOCERA AVX","CAP CER 0.1UF 16V X7R 1206","3,930","0.32","0","1","Tape & Reel (TR),Cut Tape (CT),Digi-Reel®","-","Active","0.1 µF","±10%","16V","X7R","-55°C ~ 125°C","-","AEC-Q200","Automotive","-","Surface Mount, MLCC","1206 (3216 Metric)","0.126"" L x 0.063"" W (3.20mm x 1.60mm)","-","0.037"" (0.94mm)","-","-"
"https://datasheets.kyocera-avx.com/KGM_X7R.pdf","//mm.digikey.com/Volume0/opasdata/d220001/medias/images/736/1206-%283216-Metric%29-0%2C94mm-J-Code.jpg","478-KGM31VR71C334JLTR-ND,478-KGM31VR71C334JLCT-ND,478-KGM31VR71C334JLDKR-ND","KGM31VR71C334JL","KYOCERA AVX","KYOCERA AVX","CAP CER 0.33UF 16V X7R 1206","14,940","0.36","0","1","Tape & Reel (TR),Cut Tape (CT),Digi-Reel®","KGM - X7R","Active","0.33 µF","±5%","16V","X7R","-55°C ~ 125°C","-","-","General Purpose","-","Surface Mount, MLCC","1206 (3216 Metric)","0.126"" L x 0.063"" W (3.20mm x 1.60mm)","-","0.048"" (1.22mm)","-","-"
"https://datasheets.kyocera-avx.com/KGM_X7R.pdf","//mm.digikey.com/Volume0/opasdata/d220001/medias/images/736/1206-%283216-Metric%29-0%2C94mm-J-Code.jpg","478-KGM31VR71C224MUTR-ND,478-KGM31VR71C224MUCT-ND,478-KGM31VR71C224MUDKR-ND","KGM31VR71C224MU","KYOCERA AVX","KYOCERA AVX","CAP CER 0.22UF 16V X7R 1206","4,000","0.36","0","1","Tape & Reel (TR),Cut Tape (CT),Digi-Reel®","KGM - X7R","Active","0.22 µF","±20%","16V","X7R","-55°C ~ 125°C","-","-","General Purpose","-","Surface Mount, MLCC","1206 (3216 Metric)","0.126"" L x 0.063"" W (3.20mm x 1.60mm)","-","0.048"" (1.22mm)","-","-"
"https://datasheets.kyocera-avx.com/KGM_X7R.pdf","//mm.digikey.com/Volume0/opasdata/d220001/medias/images/736/1206-%283216-Metric%29-0%2C94mm-J-Code.jpg","478-KGM31VR71C224KUTR-ND,478-KGM31VR71C224KUCT-ND,478-KGM31VR71C224KUDKR-ND","KGM31VR71C224KU","KYOCERA AVX","KYOCERA AVX","CAP CER 0.22UF 16V X7R 1206","4,000","0.37","0","1","Tape & Reel (TR),Cut Tape (CT),Digi-Reel®","KGM - X7R","Active","0.22 µF","±10%","16V","X7R","-55°C ~ 125°C","-","-","General Purpose","-","Surface Mount, MLCC","1206 (3216 Metric)","0.126"" L x 0.063"" W (3.20mm x 1.60mm)","-","0.048"" (1.22mm)","-","-"
"https://datasheets.kyocera-avx.com/AutoMLCCKAM.pdf","//mm.digikey.com/Volume0/opasdata/d220001/medias/images/5972/MFG_478%7EKAM-Series.jpg","478-KAM31GR71C475KUTR-ND,478-KAM31GR71C475KUCT-ND,478-KAM31GR71C475KUDKR-ND","1206YC475K4T2A","KYOCERA AVX","KYOCERA AVX","CAP CER 4.7UF 16V X7R 1206","1,985","0.41","0","1","Tape & Reel (TR),Cut Tape (CT),Digi-Reel®","-","Active","4.7 µF","±10%","16V","X7R","-55°C ~ 125°C","-","AEC-Q200","Automotive","-","Surface Mount, MLCC","1206 (3216 Metric)","0.126"" L x 0.063"" W (3.20mm x 1.60mm)","-","0.050"" (1.27mm)","-","-"
"https://datasheets.kyocera-avx.com/KGM_X7R.pdf","//mm.digikey.com/Volume0/opasdata/d220001/medias/images/736/1206-%283216-Metric%29-0%2C94mm-J-Code.jpg","478-KGM31VR71C334MUTR-ND,478-KGM31VR71C334MUCT-ND,478-KGM31VR71C334MUDKR-ND","KGM31VR71C334MU","KYOCERA AVX","KYOCERA AVX","CAP CER 0.33UF 16V X7R 1206","4,000","0.44","0","1","Tape & Reel (TR),Cut Tape (CT),Digi-Reel®","KGM - X7R","Active","0.33 µF","±20%","16V","X7R","-55°C ~ 125°C","-","-","General Purpose","-","Surface Mount, MLCC","1206 (3216 Metric)","0.126"" L x 0.063"" W (3.20mm x 1.60mm)","-","0.048"" (1.22mm)","-","-"
"https://datasheets.kyocera-avx.com/AutoMLCCKAM.pdf","//mm.digikey.com/Volume0/opasdata/d220001/medias/images/5972/MFG_478%7EKAM-Series.jpg","478-KAM31NR71C474KUTR-ND,478-KAM31NR71C474KUCT-ND,478-KAM31NR71C474KUDKR-ND","1206YC474K4T2A","KYOCERA AVX","KYOCERA AVX","CAP CER 0.47UF 16V X7R 1206","1,932","0.45","0","1","Tape & Reel (TR),Cut Tape (CT),Digi-Reel®","-","Active","0.47 µF","±10%","16V","X7R","-55°C ~ 125°C","-","AEC-Q200","Automotive","-","Surface Mount, MLCC","1206 (3216 Metric)","0.126"" L x 0.063"" W (3.20mm x 1.60mm)","-","0.050"" (1.27mm)","-","-"
"https://datasheets.kyocera-avx.com/KGM_X7R.pdf","//mm.digikey.com/Volume0/opasdata/d220001/medias/images/761/1206-%283216-Metric%29-1%2C27mm-M-Code.jpg","478-KGM31HR71C474JUTR-ND,478-KGM31HR71C474JUCT-ND,478-KGM31HR71C474JUDKR-ND","KGM31HR71C474JU","KYOCERA AVX","KYOCERA AVX","CAP CER 0.47UF 16V X7R 1206","1,900","0.73","0","1","Tape & Reel (TR),Cut Tape (CT),Digi-Reel®","KGM - X7R","Active","0.47 µF","±5%","16V","X7R","-55°C ~ 125°C","-","-","General Purpose","-","Surface Mount, MLCC","1206 (3216 Metric)","0.126"" L x 0.063"" W (3.20mm x 1.60mm)","-","0.075"" (1.90mm)","-","-"
"https://datasheets.kyocera-avx.com/KGM_X7R.pdf","//mm.digikey.com/Volume0/opasdata/d220001/medias/images/736/1206-%283216-Metric%29-0%2C94mm-J-Code.jpg","478-KGM31BR71C102MTTR-ND","KGM31BR71C102MT","KYOCERA AVX","KYOCERA AVX","CAP CER 1000PF 16V X7R 1206","0","0.0411","0","8000","Tape & Reel (TR)","KGM - X7R","Active","1000 pF","±20%","16V","X7R","-55°C ~ 125°C","-","-","General Purpose","-","Surface Mount, MLCC","1206 (3216 Metric)","0.126"" L x 0.063"" W (3.20mm x 1.60mm)","-","0.037"" (0.94mm)","-","-"
"https://datasheets.kyocera-avx.com/KGM_X7R.pdf","-","478-KGM31BR71C102MMTR-ND","KGM31BR71C102MM","KYOCERA AVX","KYOCERA AVX","CAP CER 1000PF 16V X7R 1206","0","0.04227","0","15000","Tape & Reel (TR)","KGM - X7R","Active","1000 pF","±20%","16V","X7R","-55°C ~ 125°C","-","-","General Purpose","-","Surface Mount, MLCC","1206 (3216 Metric)","0.126"" L x 0.063"" W (3.20mm x 1.60mm)","-","0.037"" (0.94mm)","-","-"
"https://datasheets.kyocera-avx.com/KGM_X7R.pdf","-","478-KGM31BR71C104MMTR-ND","KGM31BR71C104MM","KYOCERA AVX","KYOCERA AVX","CAP CER 0.1UF 16V X7R 1206","0","0.04275","0","15000","Tape & Reel (TR)","KGM - X7R","Active","0.1 µF","±20%","16V","X7R","-55°C ~ 125°C","-","-","General Purpose","-","Surface Mount, MLCC","1206 (3216 Metric)","0.126"" L x 0.063"" W (3.20mm x 1.60mm)","-","0.037"" (0.94mm)","-","-"
"https://datasheets.kyocera-avx.com/KGM_X7R.pdf","//mm.digikey.com/Volume0/opasdata/d220001/medias/images/736/1206-%283216-Metric%29-0%2C94mm-J-Code.jpg","478-KGM31BR71C472MTTR-ND","KGM31BR71C472MT","KYOCERA AVX","KYOCERA AVX","CAP CER 4700PF 16V X7R 1206","0","0.04326","0","4000","Tape & Reel (TR)","KGM - X7R","Active","4700 pF","±20%","16V","X7R","-55°C ~ 125°C","-","-","General Purpose","-","Surface Mount, MLCC","1206 (3216 Metric)","0.126"" L x 0.063"" W (3.20mm x 1.60mm)","-","0.037"" (0.94mm)","-","-"
"https://datasheets.kyocera-avx.com/KGM_X7R.pdf","-","478-KGM31BR71C473KMTR-ND","KGM31BR71C473KM","KYOCERA AVX","KYOCERA AVX","CAP CER 0.047UF 16V X7R 1206","0","0.04445","0","15000","Tape & Reel (TR)","KGM - X7R","Active","0.047 µF","±10%","16V","X7R","-55°C ~ 125°C","-","-","General Purpose","-","Surface Mount, MLCC","1206 (3216 Metric)","0.126"" L x 0.063"" W (3.20mm x 1.60mm)","-","0.037"" (0.94mm)","-","-"
"https://datasheets.kyocera-avx.com/KGM_X7R.pdf","-","478-KGM31BR71C103KMTR-ND","KGM31BR71C103KM","KYOCERA AVX","KYOCERA AVX","CAP CER 10000PF 16V X7R 1206","0","0.04445","0","15000","Tape & Reel (TR)","KGM - X7R","Active","10000 pF","±10%","16V","X7R","-55°C ~ 125°C","-","-","General Purpose","-","Surface Mount, MLCC","1206 (3216 Metric)","0.126"" L x 0.063"" W (3.20mm x 1.60mm)","-","0.037"" (0.94mm)","-","-"
"https://datasheets.kyocera-avx.com/KGM_X7R.pdf","-","478-KGM31BR71C473MMTR-ND","KGM31BR71C473MM","KYOCERA AVX","KYOCERA AVX","CAP CER 0.047UF 16V X7R 1206","0","0.0445","0","15000","Tape & Reel (TR)","KGM - X7R","Active","0.047 µF","±20%","16V","X7R","-55°C ~ 125°C","-","-","General Purpose","-","Surface Mount, MLCC","1206 (3216 Metric)","0.126"" L x 0.063"" W (3.20mm x 1.60mm)","-","0.037"" (0.94mm)","-","-"
"https://datasheets.kyocera-avx.com/KGM_X7R.pdf","-","478-KGM31BR71C223MMTR-ND","KGM31BR71C223MM","KYOCERA AVX","KYOCERA AVX","CAP CER 0.022UF 16V X7R 1206","0","0.0445","0","15000","Tape & Reel (TR)","KGM - X7R","Active","0.022 µF","±20%","16V","X7R","-55°C ~ 125°C","-","-","General Purpose","-","Surface Mount, MLCC","1206 (3216 Metric)","0.126"" L x 0.063"" W (3.20mm x 1.60mm)","-","0.037"" (0.94mm)","-","-"
"https://datasheets.kyocera-avx.com/KGM_X7R.pdf","//mm.digikey.com/Volume0/opasdata/d220001/medias/images/736/1206-%283216-Metric%29-0%2C94mm-J-Code.jpg","478-KGM31BR71C223MTTR-ND","KGM31BR71C223MT","KYOCERA AVX","KYOCERA AVX","CAP CER 0.022UF 16V X7R 1206","0","0.04697","0","8000","Tape & Reel (TR)","KGM - X7R","Active","0.022 µF","±20%","16V","X7R","-55°C ~ 125°C","-","-","General Purpose","-","Surface Mount, MLCC","1206 (3216 Metric)","0.126"" L x 0.063"" W (3.20mm x 1.60mm)","-","0.037"" (0.94mm)","-","-"
"https://datasheets.kyocera-avx.com/KGM_X7R.pdf","-","478-KGM31BR71C153MTTR-ND","KGM31BR71C153MT","KYOCERA AVX","KYOCERA AVX","CAP CER 0.015UF 16V X7R 1206","0","0.04697","0","8000","Tape & Reel (TR)","KGM - X7R","Active","0.015 µF","±20%","16V","X7R","-55°C ~ 125°C","-","-","General Purpose","-","Surface Mount, MLCC","1206 (3216 Metric)","0.126"" L x 0.063"" W (3.20mm x 1.60mm)","-","0.037"" (0.94mm)","-","-"
"https://datasheets.kyocera-avx.com/KGM_X7R.pdf","-","478-KGM31BR71C472KTTR-ND","KGM31BR71C472KT","KYOCERA AVX","KYOCERA AVX","CAP CER 4700PF 16V X7R 1206","0","0.04802","0","4000","Tape & Reel (TR)","KGM - X7R","Active","4700 pF","±10%","16V","X7R","-55°C ~ 125°C","-","-","General Purpose","-","Surface Mount, MLCC","1206 (3216 Metric)","0.126"" L x 0.063"" W (3.20mm x 1.60mm)","-","0.037"" (0.94mm)","-","-"
"https://datasheets.kyocera-avx.com/KGM_X7R.pdf","//mm.digikey.com/Volume0/opasdata/d220001/medias/images/736/1206-%283216-Metric%29-0%2C94mm-J-Code.jpg","478-KGM31BR71C153KTTR-ND","KGM31BR71C153KT","KYOCERA AVX","KYOCERA AVX","CAP CER 0.015UF 16V X7R 1206","0","0.04954","0","4000","Tape & Reel (TR)","KGM - X7R","Active","0.015 µF","±10%","16V","X7R","-55°C ~ 125°C","-","-","General Purpose","-","Surface Mount, MLCC","1206 (3216 Metric)","0.126"" L x 0.063"" W (3.20mm x 1.60mm)","-","0.037"" (0.94mm)","-","-"
"https://datasheets.kyocera-avx.com/KGM_X7R.pdf","//mm.digikey.com/Volume0/opasdata/d220001/medias/images/736/1206-%283216-Metric%29-0%2C94mm-J-Code.jpg","478-KGM31BR71C222KTTR-ND","KGM31BR71C222KT","KYOCERA AVX","KYOCERA AVX","CAP CER 2200PF 16V X7R 1206","0","0.04954","0","4000","Tape & Reel (TR)","KGM - X7R","Active","2200 pF","±10%","16V","X7R","-55°C ~ 125°C","-","-","General Purpose","-","Surface Mount, MLCC","1206 (3216 Metric)","0.126"" L x 0.063"" W (3.20mm x 1.60mm)","-","0.037"" (0.94mm)","-","-"
"https://datasheets.kyocera-avx.com/KGM_X7R.pdf","//mm.digikey.com/Volume0/opasdata/d220001/medias/images/736/1206-%283216-Metric%29-0%2C94mm-J-Code.jpg","478-KGM31BR71C223KTTR-ND","KGM31BR71C223KT","KYOCERA AVX","KYOCERA AVX","CAP CER 0.022UF 16V X7R 1206","0","0.04954","0","4000","Tape & Reel (TR)","KGM - X7R","Active","0.022 µF","±10%","16V","X7R","-55°C ~ 125°C","-","-","General Purpose","-","Surface Mount, MLCC","1206 (3216 Metric)","0.126"" L x 0.063"" W (3.20mm x 1.60mm)","-","0.037"" (0.94mm)","-","-"
"https://datasheets.kyocera-avx.com/KGM_X7R.pdf","//mm.digikey.com/Volume0/opasdata/d220001/medias/images/736/1206-%283216-Metric%29-0%2C94mm-J-Code.jpg","478-KGM31BR71C392KTTR-ND","KGM31BR71C392KT","KYOCERA AVX","KYOCERA AVX","CAP CER 3900PF 16V X7R 1206","0","0.04954","0","4000","Tape & Reel (TR)","KGM - X7R","Active","3900 pF","±10%","16V","X7R","-55°C ~ 125°C","-","-","General Purpose","-","Surface Mount, MLCC","1206 (3216 Metric)","0.126"" L x 0.063"" W (3.20mm x 1.60mm)","-","0.037"" (0.94mm)","-","-"
"https://datasheets.kyocera-avx.com/KGM_X7R.pdf","//mm.digikey.com/Volume0/opasdata/d220001/medias/images/736/1206-%283216-Metric%29-0%2C94mm-J-Code.jpg","478-KGM31BR71C333KTTR-ND","KGM31BR71C333KT","KYOCERA AVX","KYOCERA AVX","CAP CER 0.033UF 16V X7R 1206","0","0.04954","0","4000","Tape & Reel (TR)","KGM - X7R","Active","0.033 µF","±10%","16V","X7R","-55°C ~ 125°C","-","-","General Purpose","-","Surface Mount, MLCC","1206 (3216 Metric)","0.126"" L x 0.063"" W (3.20mm x 1.60mm)","-","0.037"" (0.94mm)","-","-"
"https://datasheets.kyocera-avx.com/KGM_X7R.pdf","-","478-KGM31BR71C682KTTR-ND","KGM31BR71C682KT","KYOCERA AVX","KYOCERA AVX","CAP CER 6800PF 16V X7R 1206","0","0.04954","0","4000","Tape & Reel (TR)","KGM - X7R","Active","6800 pF","±10%","16V","X7R","-55°C ~ 125°C","-","-","General Purpose","-","Surface Mount, MLCC","1206 (3216 Metric)","0.126"" L x 0.063"" W (3.20mm x 1.60mm)","-","0.037"" (0.94mm)","-","-"
"https://datasheets.kyocera-avx.com/KGM_X7R.pdf","-","478-KGM31BR71C471KTTR-ND","KGM31BR71C471KT","KYOCERA AVX","KYOCERA AVX","CAP CER 470PF 16V X7R 1206","0","0.04954","0","4000","Tape & Reel (TR)","KGM - X7R","Active","470 pF","±10%","16V","X7R","-55°C ~ 125°C","-","-","General Purpose","-","Surface Mount, MLCC","1206 (3216 Metric)","0.126"" L x 0.063"" W (3.20mm x 1.60mm)","-","0.037"" (0.94mm)","-","-"
"https://datasheets.kyocera-avx.com/KGM_X7R.pdf","//mm.digikey.com/Volume0/opasdata/d220001/medias/images/736/1206-%283216-Metric%29-0%2C94mm-J-Code.jpg","478-KGM31BR71C104KMTR-ND","KGM31BR71C104KM","KYOCERA AVX","KYOCERA AVX","CAP CER 0.1UF 16V X7R 1206","0","0.05181","0","15000","Tape & Reel (TR)","KGM - X7R","Active","0.1 µF","±10%","16V","X7R","-55°C ~ 125°C","-","-","General Purpose","-","Surface Mount, MLCC","1206 (3216 Metric)","0.126"" L x 0.063"" W (3.20mm x 1.60mm)","-","0.037"" (0.94mm)","-","-"
"https://datasheets.kyocera-avx.com/KGM_X7R.pdf","//mm.digikey.com/Volume0/opasdata/d220001/medias/images/736/1206-%283216-Metric%29-0%2C94mm-J-Code.jpg","478-KGM31BR71C103KTTR-ND","KGM31BR71C103KT","KYOCERA AVX","KYOCERA AVX","CAP CER 10000PF 16V X7R 1206","0","0.0524","0","4000","Tape & Reel (TR)","KGM - X7R","Active","10000 pF","±10%","16V","X7R","-55°C ~ 125°C","-","-","General Purpose","-","Surface Mount, MLCC","1206 (3216 Metric)","0.126"" L x 0.063"" W (3.20mm x 1.60mm)","-","0.037"" (0.94mm)","-","-"
"https://datasheets.kyocera-avx.com/AutoMLCCKAM.pdf","//mm.digikey.com/Volume0/opasdata/d220001/medias/images/736/1206-%283216-Metric%29-0%2C94mm-J-Code.jpg","478-KAM31BR71C103KMTR-ND","1206YC103K4T4A","KYOCERA AVX","KYOCERA AVX","CAP CER 10000PF 16V X7R 1206","0","0.053","0","15000","Tape & Reel (TR)","-","Active","10000 pF","±10%","16V","X7R","-55°C ~ 125°C","-","AEC-Q200","Automotive","-","Surface Mount, MLCC","1206 (3216 Metric)","0.126"" L x 0.063"" W (3.20mm x 1.60mm)","-","0.037"" (0.94mm)","-","-"
"https://datasheets.kyocera-avx.com/KGM_X7R.pdf","//mm.digikey.com/Volume0/opasdata/d220001/medias/images/736/1206-%283216-Metric%29-0%2C94mm-J-Code.jpg","478-KGM31BR71C473KTTR-ND","KGM31BR71C473KT","KYOCERA AVX","KYOCERA AVX","CAP CER 0.047UF 16V X7R 1206","0","0.05526","0","4000","Tape & Reel (TR)","KGM - X7R","Active","0.047 µF","±10%","16V","X7R","-55°C ~ 125°C","-","-","General Purpose","-","Surface Mount, MLCC","1206 (3216 Metric)","0.126"" L x 0.063"" W (3.20mm x 1.60mm)","-","0.037"" (0.94mm)","-","-"
"https://datasheets.kyocera-avx.com/KGM_X7R.pdf","//mm.digikey.com/Volume0/opasdata/d220001/medias/images/736/1206-%283216-Metric%29-0%2C94mm-J-Code.jpg","478-KGM31BR71C103MTTR-ND","KGM31BR71C103MT","KYOCERA AVX","KYOCERA AVX","CAP CER 10000PF 16V X7R 1206","0","0.05526","0","4000","Tape & Reel (TR)","KGM - X7R","Active","10000 pF","±20%","16V","X7R","-55°C ~ 125°C","-","-","General Purpose","-","Surface Mount, MLCC","1206 (3216 Metric)","0.126"" L x 0.063"" W (3.20mm x 1.60mm)","-","0.037"" (0.94mm)","-","-"
"https://datasheets.kyocera-avx.com/X7RDielectric.pdf","//mm.digikey.com/Volume0/opasdata/d220001/medias/images/761/1206-%283216-Metric%29-1%2C27mm-M-Code.jpg","1206YC105KAT9A-ND","1206YC105KAT9A","KYOCERA AVX","KYOCERA AVX","CAP CER 1UF 16V X7R 1206","0","0.05813","0","15000","Bulk","-","Active","1 µF","±10%","16V","X7R","-55°C ~ 125°C","-","-","General Purpose","-","Surface Mount, MLCC","1206 (3216 Metric)","0.126"" L x 0.063"" W (3.20mm x 1.60mm)","-","0.050"" (1.27mm)","-","-"
"https://datasheets.kyocera-avx.com/KGM_X7R.pdf","//mm.digikey.com/Volume0/opasdata/d220001/medias/images/736/1206-%283216-Metric%29-0%2C94mm-J-Code.jpg","478-KGM31BR71C562JTTR-ND","KGM31BR71C562JT","KYOCERA AVX","KYOCERA AVX","CAP CER 5600PF 16V X7R 1206","0","0.05907","0","4000","Tape & Reel (TR)","KGM - X7R","Active","5600 pF","±5%","16V","X7R","-55°C ~ 125°C","-","-","General Purpose","-","Surface Mount, MLCC","1206 (3216 Metric)","0.126"" L x 0.063"" W (3.20mm x 1.60mm)","-","0.037"" (0.94mm)","-","-"
"https://datasheets.kyocera-avx.com/X7RDielectric.pdf","//mm.digikey.com/Volume0/opasdata/d220001/medias/images/736/1206-%283216-Metric%29-0%2C94mm-J-Code.jpg","1206YC563MAT2A-ND","1206YC563MAT2A","KYOCERA AVX","KYOCERA AVX","CAP CER 0.056UF 16V X7R 1206","0","0.05907","0","4000","Tape & Reel (TR)","-","Active","0.056 µF","±20%","16V","X7R","-55°C ~ 125°C","-","-","General Purpose","-","Surface Mount, MLCC","1206 (3216 Metric)","0.126"" L x 0.063"" W (3.20mm x 1.60mm)","-","0.037"" (0.94mm)","-","-"
"https://datasheets.kyocera-avx.com/KGM_X7R.pdf","//mm.digikey.com/Volume0/opasdata/d220001/medias/images/736/1206-%283216-Metric%29-0%2C94mm-J-Code.jpg","478-KGM31BR71C683MTTR-ND","KGM31BR71C683MT","KYOCERA AVX","KYOCERA AVX","CAP CER 0.068UF 16V X7R 1206","0","0.05907","0","4000","Tape & Reel (TR)","KGM - X7R","Active","0.068 µF","±20%","16V","X7R","-55°C ~ 125°C","-","-","General Purpose","-","Surface Mount, MLCC","1206 (3216 Metric)","0.126"" L x 0.063"" W (3.20mm x 1.60mm)","-","0.037"" (0.94mm)","-","-"
"https://datasheets.kyocera-avx.com/KGM_X7R.pdf","-","478-KGM31BR71C102JTTR-ND","KGM31BR71C102JT","KYOCERA AVX","KYOCERA AVX","CAP CER 1000PF 16V X7R 1206","0","0.05907","0","4000","Tape & Reel (TR)","KGM - X7R","Active","1000 pF","±5%","16V","X7R","-55°C ~ 125°C","-","-","General Purpose","-","Surface Mount, MLCC","1206 (3216 Metric)","0.126"" L x 0.063"" W (3.20mm x 1.60mm)","-","0.037"" (0.94mm)","-","-"
"https://datasheets.kyocera-avx.com/KGM_X7R.pdf","//mm.digikey.com/Volume0/opasdata/d220001/medias/images/736/1206-%283216-Metric%29-0%2C94mm-J-Code.jpg","478-KGM31BR71C683KTTR-ND","KGM31BR71C683KT","KYOCERA AVX","KYOCERA AVX","CAP CER 0.068UF 16V X7R 1206","0","0.06098","0","4000","Tape & Reel (TR)","KGM - X7R","Active","0.068 µF","±10%","16V","X7R","-55°C ~ 125°C","-","-","General Purpose","-","Surface Mount, MLCC","1206 (3216 Metric)","0.126"" L x 0.063"" W (3.20mm x 1.60mm)","-","0.037"" (0.94mm)","-","-"
"-","-","478-1206YC563KAT2ATR-ND","1206YC563KAT2A","KYOCERA AVX","KYOCERA AVX","CAP CER SMD","0","0.06098","0","4000","Tape & Reel (TR)","-","Active","0.056 µF","±10%","16V","X7R","-55°C ~ 125°C","-","-","General Purpose","-","Surface Mount, MLCC","1206 (3216 Metric)","0.126"" L x 0.063"" W (3.20mm x 1.60mm)","-","0.037"" (0.94mm)","-","-"
"https://datasheets.kyocera-avx.com/KGM_X7R.pdf","//mm.digikey.com/Volume0/opasdata/d220001/medias/images/761/1206-%283216-Metric%29-1%2C27mm-M-Code.jpg","478-KGM31HR71C474KLTR-ND","KGM31HR71C474KL","KYOCERA AVX","KYOCERA AVX","CAP CER 0.47UF 16V X7R 1206","0","0.06497","0","20000","Tape & Reel (TR)","KGM - X7R","Active","0.47 µF","±10%","16V","X7R","-55°C ~ 125°C","-","-","General Purpose","-","Surface Mount, MLCC","1206 (3216 Metric)","0.126"" L x 0.063"" W (3.20mm x 1.60mm)","-","0.075"" (1.90mm)","-","-"
"https://datasheets.kyocera-avx.com/KGM_X7R.pdf","//mm.digikey.com/Volume0/opasdata/d220001/medias/images/736/1206-%283216-Metric%29-0%2C94mm-J-Code.jpg","478-KGM31BR71C123JTTR-ND","KGM31BR71C123JT","KYOCERA AVX","KYOCERA AVX","CAP CER 0.012UF 16V X7R 1206","0","0.0686","0","4000","Tape & Reel (TR)","KGM - X7R","Active","0.012 µF","±5%","16V","X7R","-55°C ~ 125°C","-","-","General Purpose","-","Surface Mount, MLCC","1206 (3216 Metric)","0.126"" L x 0.063"" W (3.20mm x 1.60mm)","-","0.037"" (0.94mm)","-","-"
"https://datasheets.kyocera-avx.com/KGM_X7R.pdf","//mm.digikey.com/Volume0/opasdata/d220001/medias/images/736/1206-%283216-Metric%29-0%2C94mm-J-Code.jpg","478-KGM31BR71C153JTTR-ND","KGM31BR71C153JT","KYOCERA AVX","KYOCERA AVX","CAP CER 0.015UF 16V X7R 1206","0","0.0686","0","4000","Tape & Reel (TR)","KGM - X7R","Active","0.015 µF","±5%","16V","X7R","-55°C ~ 125°C","-","-","General Purpose","-","Surface Mount, MLCC","1206 (3216 Metric)","0.126"" L x 0.063"" W (3.20mm x 1.60mm)","-","0.037"" (0.94mm)","-","-"
"https://datasheets.kyocera-avx.com/KGM_X7R.pdf","//mm.digikey.com/Volume0/opasdata/d220001/medias/images/736/1206-%283216-Metric%29-0%2C94mm-J-Code.jpg","478-KGM31BR71C223JTTR-ND","KGM31BR71C223JT","KYOCERA AVX","KYOCERA AVX","CAP CER 0.022UF 16V X7R 1206","0","0.0686","0","4000","Tape & Reel (TR)","KGM - X7R","Active","0.022 µF","±5%","16V","X7R","-55°C ~ 125°C","-","-","General Purpose","-","Surface Mount, MLCC","1206 (3216 Metric)","0.126"" L x 0.063"" W (3.20mm x 1.60mm)","-","0.037"" (0.94mm)","-","-"
"https://datasheets.kyocera-avx.com/KGM_X7R.pdf","//mm.digikey.com/Volume0/opasdata/d220001/medias/images/736/1206-%283216-Metric%29-0%2C94mm-J-Code.jpg","478-KGM31BR71C273JTTR-ND","KGM31BR71C273JT","KYOCERA AVX","KYOCERA AVX","CAP CER 0.027UF 16V X7R 1206","0","0.0686","0","4000","Tape & Reel (TR)","KGM - X7R","Active","0.027 µF","±5%","16V","X7R","-55°C ~ 125°C","-","-","General Purpose","-","Surface Mount, MLCC","1206 (3216 Metric)","0.126"" L x 0.063"" W (3.20mm x 1.60mm)","-","0.037"" (0.94mm)","-","-"
"https://datasheets.kyocera-avx.com/KGM_X7R.pdf","//mm.digikey.com/Volume0/opasdata/d220001/medias/images/736/1206-%283216-Metric%29-0%2C94mm-J-Code.jpg","478-KGM31BR71C393JTTR-ND","KGM31BR71C393JT","KYOCERA AVX","KYOCERA AVX","CAP CER 0.039UF 16V X7R 1206","0","0.0686","0","4000","Tape & Reel (TR)","KGM - X7R","Active","0.039 µF","±5%","16V","X7R","-55°C ~ 125°C","-","-","General Purpose","-","Surface Mount, MLCC","1206 (3216 Metric)","0.126"" L x 0.063"" W (3.20mm x 1.60mm)","-","0.037"" (0.94mm)","-","-"
"https://datasheets.kyocera-avx.com/KGM_X7R.pdf","-","478-KGM31BR71C333JTTR-ND","KGM31BR71C333JT","KYOCERA AVX","KYOCERA AVX","CAP CER 0.033UF 16V X7R 1206","0","0.0686","0","4000","Tape & Reel (TR)","KGM - X7R","Active","0.033 µF","±5%","16V","X7R","-55°C ~ 125°C","-","-","General Purpose","-","Surface Mount, MLCC","1206 (3216 Metric)","0.126"" L x 0.063"" W (3.20mm x 1.60mm)","-","0.037"" (0.94mm)","-","-"
"https://datasheets.kyocera-avx.com/KGF.pdf","//mm.digikey.com/Volume0/opasdata/d220001/medias/images/919/1206-%283216-Metric%29-1%2C52mm-P-Code.jpg","478-KGF31BR71C102KTTR-ND","1206YC102KAZ2A","KYOCERA AVX","KYOCERA AVX","CAP CER SMD","0","0.07179","0","4000","Tape & Reel (TR)","FLEXITERM®","Active","1000 pF","±10%","16V","X7R","-55°C ~ 125°C","Soft Termination","-","Boardflex Sensitive","-","Surface Mount, MLCC","1206 (3216 Metric)","0.126"" L x 0.063"" W (3.20mm x 1.60mm)","-","0.037"" (0.94mm)","-","-"
"https://datasheets.kyocera-avx.com/KGM_X7R.pdf","//mm.digikey.com/Volume0/opasdata/d220001/medias/images/736/1206-%283216-Metric%29-0%2C94mm-J-Code.jpg","478-KGM31VR71C224KLTR-ND","KGM31VR71C224KL","KYOCERA AVX","KYOCERA AVX","CAP CER 0.22UF 16V X7R 1206","0","0.07344","0","15000","Tape & Reel (TR)","KGM - X7R","Active","0.22 µF","±10%","16V","X7R","-55°C ~ 125°C","-","-","General Purpose","-","Surface Mount, MLCC","1206 (3216 Metric)","0.126"" L x 0.063"" W (3.20mm x 1.60mm)","-","0.048"" (1.22mm)","-","-"
"https://datasheets.kyocera-avx.com/KGM_X7R.pdf","-","478-KGM31VR71C334KLTR-ND","KGM31VR71C334KL","KYOCERA AVX","KYOCERA AVX","CAP CER 0.33UF 16V X7R 1206","0","0.07344","0","15000","Tape & Reel (TR)","KGM - X7R","Active","0.33 µF","±10%","16V","X7R","-55°C ~ 125°C","-","-","General Purpose","-","Surface Mount, MLCC","1206 (3216 Metric)","0.126"" L x 0.063"" W (3.20mm x 1.60mm)","-","0.048"" (1.22mm)","-","-"
"https://datasheets.kyocera-avx.com/AutoMLCCKAM.pdf","-","478-KAM31NR71C105KLTR-ND","1206YC105K4T4A","KYOCERA AVX","KYOCERA AVX","CAP CER 1UF 16V X7R 1206","0","0.07416","0","10000","Tape & Reel (TR)","-","Active","1 µF","±10%","16V","X7R","-55°C ~ 125°C","-","AEC-Q200","Automotive","-","Surface Mount, MLCC","1206 (3216 Metric)","0.126"" L x 0.063"" W (3.20mm x 1.60mm)","-","0.050"" (1.27mm)","-","-"
"https://datasheets.kyocera-avx.com/KGF.pdf","//mm.digikey.com/Volume0/opasdata/d220001/medias/images/919/1206-%283216-Metric%29-1%2C52mm-P-Code.jpg","478-KGF31BR71C103JTTR-ND","1206YC103JAZ2A","KYOCERA AVX","KYOCERA AVX","CAP CER SMD","0","0.07599","0","4000","Tape & Reel (TR)","FLEXITERM®","Active","10000 pF","±5%","16V","X7R","-55°C ~ 125°C","Soft Termination","-","Boardflex Sensitive","-","Surface Mount, MLCC","1206 (3216 Metric)","0.126"" L x 0.063"" W (3.20mm x 1.60mm)","-","0.037"" (0.94mm)","-","-"
"https://datasheets.kyocera-avx.com/KGM_X7R.pdf","//mm.digikey.com/Volume0/opasdata/d220001/medias/images/736/1206-%283216-Metric%29-0%2C94mm-J-Code.jpg","478-KGM31BR71C124KTTR-ND","KGM31BR71C124KT","KYOCERA AVX","KYOCERA AVX","CAP CER 0.12UF 16V X7R 1206","0","0.07705","0","4000","Tape & Reel (TR)","KGM - X7R","Active","0.12 µF","±10%","16V","X7R","-55°C ~ 125°C","-","-","General Purpose","-","Surface Mount, MLCC","1206 (3216 Metric)","0.126"" L x 0.063"" W (3.20mm x 1.60mm)","-","0.037"" (0.94mm)","-","-"
"https://datasheets.kyocera-avx.com/KGM_X7R.pdf","//mm.digikey.com/Volume0/opasdata/d220001/medias/images/736/1206-%283216-Metric%29-0%2C94mm-J-Code.jpg","478-KGM31VR71C154KUTR-ND","KGM31VR71C154KU","KYOCERA AVX","KYOCERA AVX","CAP CER 0.15UF 16V X7R 1206","0","0.07705","0","4000","Tape & Reel (TR)","KGM - X7R","Active","0.15 µF","±10%","16V","X7R","-55°C ~ 125°C","-","-","General Purpose","-","Surface Mount, MLCC","1206 (3216 Metric)","0.126"" L x 0.063"" W (3.20mm x 1.60mm)","-","0.048"" (1.22mm)","-","-"
"https://datasheets.kyocera-avx.com/X7RDielectric.pdf","//mm.digikey.com/Volume0/opasdata/d220001/medias/images/736/1206-%283216-Metric%29-0%2C94mm-J-Code.jpg","1206YC184KAT2A-ND","1206YC184KAT2A","KYOCERA AVX","KYOCERA AVX","CAP CER 0.18UF 16V X7R 1206","0","0.07705","0","4000","Tape & Reel (TR)","-","Active","0.18 µF","±10%","16V","X7R","-55°C ~ 125°C","-","-","General Purpose","-","Surface Mount, MLCC","1206 (3216 Metric)","0.126"" L x 0.063"" W (3.20mm x 1.60mm)","-","0.037"" (0.94mm)","-","-"
"https://datasheets.kyocera-avx.com/KGM_X7R.pdf","//mm.digikey.com/Volume0/opasdata/d220001/medias/images/736/1206-%283216-Metric%29-0%2C94mm-J-Code.jpg","478-KGM31BR71C222JTTR-ND","KGM31BR71C222JT","KYOCERA AVX","KYOCERA AVX","CAP CER 2200PF 16V X7R 1206","0","0.07792","0","4000","Tape & Reel (TR)","KGM - X7R","Active","2200 pF","±5%","16V","X7R","-55°C ~ 125°C","-","-","General Purpose","-","Surface Mount, MLCC","1206 (3216 Metric)","0.126"" L x 0.063"" W (3.20mm x 1.60mm)","-","0.037"" (0.94mm)","-","-"
"https://datasheets.kyocera-avx.com/X7RDielectric.pdf","//mm.digikey.com/Volume0/opasdata/d220001/medias/images/736/1206-%283216-Metric%29-0%2C94mm-J-Code.jpg","1206YC274KAT2A-ND","1206YC274KAT2A","KYOCERA AVX","KYOCERA AVX","CAP CER 0.27UF 16V X7R 1206","0","0.08055","0","4000","Tape & Reel (TR)","-","Active","0.27 µF","±10%","16V","X7R","-55°C ~ 125°C","-","-","General Purpose","-","Surface Mount, MLCC","1206 (3216 Metric)","0.126"" L x 0.063"" W (3.20mm x 1.60mm)","-","0.037"" (0.94mm)","-","-"
"https://datasheets.kyocera-avx.com/AutoMLCCKAM.pdf","-","478-KAM31NR71C474MLTR-ND","1206YC474M4T4A","KYOCERA AVX","KYOCERA AVX","CAP CER 0.47UF 16V X7R 1206","0","0.08075","0","10000","Tape & Reel (TR)","-","Active","0.47 µF","±20%","16V","X7R","-55°C ~ 125°C","-","AEC-Q200","Automotive","-","Surface Mount, MLCC","1206 (3216 Metric)","0.126"" L x 0.063"" W (3.20mm x 1.60mm)","-","0.050"" (1.27mm)","-","-"
"https://datasheets.kyocera-avx.com/KGM_X7R.pdf","//mm.digikey.com/Volume0/opasdata/d220001/medias/images/736/1206-%283216-Metric%29-0%2C94mm-J-Code.jpg","478-KGM31VR71C154JUTR-ND","KGM31VR71C154JU","KYOCERA AVX","KYOCERA AVX","CAP CER 0.15UF 16V X7R 1206","0","0.0858","0","4000","Tape & Reel (TR)","KGM - X7R","Active","0.15 µF","±5%","16V","X7R","-55°C ~ 125°C","-","-","General Purpose","-","Surface Mount, MLCC","1206 (3216 Metric)","0.126"" L x 0.063"" W (3.20mm x 1.60mm)","-","0.048"" (1.22mm)","-","-"
"https://datasheets.kyocera-avx.com/KGM_X7R.pdf","//mm.digikey.com/Volume0/opasdata/d220001/medias/images/736/1206-%283216-Metric%29-0%2C94mm-J-Code.jpg","478-KGM31VR71C224JUTR-ND","KGM31VR71C224JU","KYOCERA AVX","KYOCERA AVX","CAP CER 0.22UF 16V X7R 1206","0","0.0858","0","4000","Tape & Reel (TR)","KGM - X7R","Active","0.22 µF","±5%","16V","X7R","-55°C ~ 125°C","-","-","General Purpose","-","Surface Mount, MLCC","1206 (3216 Metric)","0.126"" L x 0.063"" W (3.20mm x 1.60mm)","-","0.048"" (1.22mm)","-","-"
"https://datasheets.kyocera-avx.com/X7RDielectric.pdf","//mm.digikey.com/Volume0/opasdata/d220001/medias/images/736/1206-%283216-Metric%29-0%2C94mm-J-Code.jpg","1206YC274JAT2A-ND","1206YC274JAT2A","KYOCERA AVX","KYOCERA AVX","CAP CER 0.27UF 16V X7R 1206","0","0.0858","0","4000","Tape & Reel (TR)","-","Active","0.27 µF","±5%","16V","X7R","-55°C ~ 125°C","-","-","General Purpose","-","Surface Mount, MLCC","1206 (3216 Metric)","0.126"" L x 0.063"" W (3.20mm x 1.60mm)","-","0.037"" (0.94mm)","-","-"
"https://datasheets.kyocera-avx.com/KGM_X7R.pdf","//mm.digikey.com/Volume0/opasdata/d220001/medias/images/736/1206-%283216-Metric%29-0%2C94mm-J-Code.jpg","478-KGM31VR71C334JUTR-ND","KGM31VR71C334JU","KYOCERA AVX","KYOCERA AVX","CAP CER 0.33UF 16V X7R 1206","0","0.0858","0","4000","Tape & Reel (TR)","KGM - X7R","Active","0.33 µF","±5%","16V","X7R","-55°C ~ 125°C","-","-","General Purpose","-","Surface Mount, MLCC","1206 (3216 Metric)","0.126"" L x 0.063"" W (3.20mm x 1.60mm)","-","0.048"" (1.22mm)","-","-"
"https://datasheets.kyocera-avx.com/KGF.pdf","//mm.digikey.com/Volume0/opasdata/d220001/medias/images/736/1206-%283216-Metric%29-0%2C94mm-J-Code.jpg","478-KGF31BR71C104JTTR-ND","KGF31BR71C104JT","KYOCERA AVX","KYOCERA AVX","CAP CER 0.1UF 16V X7R 1206","0","0.0858","0","4000","Tape & Reel (TR)","FLEXITERM®","Active","0.1 µF","±5%","16V","X7R","-55°C ~ 125°C","Soft Termination","-","Boardflex Sensitive","-","Surface Mount, MLCC","1206 (3216 Metric)","0.126"" L x 0.063"" W (3.20mm x 1.60mm)","-","0.037"" (0.94mm)","-","-"
"https://datasheets.kyocera-avx.com/KGF.pdf","//mm.digikey.com/Volume0/opasdata/d220001/medias/images/736/1206-%283216-Metric%29-0%2C94mm-J-Code.jpg","478-KGF31BR71C473JTTR-ND","KGF31BR71C473JT","KYOCERA AVX","KYOCERA AVX","CAP CER 0.047UF 16V X7R 1206","0","0.08825","0","4000","Tape & Reel (TR)","FLEXITERM®","Active","0.047 µF","±5%","16V","X7R","-55°C ~ 125°C","Soft Termination","-","Boardflex Sensitive","-","Surface Mount, MLCC","1206 (3216 Metric)","0.126"" L x 0.063"" W (3.20mm x 1.60mm)","-","0.037"" (0.94mm)","-","-"
"https://datasheets.kyocera-avx.com/KGF.pdf","//mm.digikey.com/Volume0/opasdata/d220001/medias/images/919/1206-%283216-Metric%29-1%2C52mm-P-Code.jpg","478-KGF31BR71C183JTTR-ND","1206YC183JAZ2A","KYOCERA AVX","KYOCERA AVX","CAP CER SMD","0","0.08825","0","4000","Tape & Reel (TR)","FLEXITERM®","Active","0.018 µF","±5%","16V","X7R","-55°C ~ 125°C","Soft Termination","-","Boardflex Sensitive","-","Surface Mount, MLCC","1206 (3216 Metric)","0.126"" L x 0.063"" W (3.20mm x 1.60mm)","-","0.037"" (0.94mm)","-","-"
"https://datasheets.kyocera-avx.com/KGF.pdf","//mm.digikey.com/Volume0/opasdata/d220001/medias/images/919/1206-%283216-Metric%29-1%2C52mm-P-Code.jpg","478-KGF31BR71C153JTTR-ND","1206YC153JAZ2A","KYOCERA AVX","KYOCERA AVX","CAP CER SMD","0","0.08825","0","4000","Tape & Reel (TR)","FLEXITERM®","Active","0.015 µF","±5%","16V","X7R","-55°C ~ 125°C","Soft Termination","-","Boardflex Sensitive","-","Surface Mount, MLCC","1206 (3216 Metric)","0.126"" L x 0.063"" W (3.20mm x 1.60mm)","-","0.037"" (0.94mm)","-","-"
"https://datasheets.kyocera-avx.com/AutoMLCCKAM.pdf","-","478-KAM31BR71C334MMTR-ND","1206YC334M4T4A","KYOCERA AVX","KYOCERA AVX","CAP CER 0.33UF 16V X7R 1206","0","0.09229","0","10000","Tape & Reel (TR)","-","Active","0.33 µF","±20%","16V","X7R","-55°C ~ 125°C","-","AEC-Q200","Automotive","-","Surface Mount, MLCC","1206 (3216 Metric)","0.126"" L x 0.063"" W (3.20mm x 1.60mm)","-","0.037"" (0.94mm)","-","-"
"https://datasheets.kyocera-avx.com/AutoMLCCKAM.pdf","-","478-KAM31BR71C224KTTR-ND","1206YC224K4T2A","KYOCERA AVX","KYOCERA AVX","CAP CER 0.22UF 16V X7R 1206","0","0.09596","0","4000","Tape & Reel (TR)","-","Active","0.22 µF","±10%","16V","X7R","-55°C ~ 125°C","-","AEC-Q200","Automotive","-","Surface Mount, MLCC","1206 (3216 Metric)","0.126"" L x 0.063"" W (3.20mm x 1.60mm)","-","0.037"" (0.94mm)","-","-"
"https://datasheets.kyocera-avx.com/AutoMLCCKAM.pdf","-","478-KAM31BR71C334KMTR-ND","1206YC334K4T4A","KYOCERA AVX","KYOCERA AVX","CAP CER 0.33UF 16V X7R 1206","0","0.09723","0","10000","Tape & Reel (TR)","-","Active","0.33 µF","±10%","16V","X7R","-55°C ~ 125°C","-","AEC-Q200","Automotive","-","Surface Mount, MLCC","1206 (3216 Metric)","0.126"" L x 0.063"" W (3.20mm x 1.60mm)","-","0.037"" (0.94mm)","-","-"
"https://datasheets.kyocera-avx.com/KGM_X7R.pdf","//mm.digikey.com/Volume0/opasdata/d220001/medias/images/736/1206-%283216-Metric%29-0%2C94mm-J-Code.jpg","478-KGM31HR71C684KLTR-ND","KGM31HR71C684KL","KYOCERA AVX","KYOCERA AVX","CAP CER 0.68UF 16V X7R 1206","0","0.09888","0","10000","Tape & Reel (TR)","KGM - X7R","Active","0.68 µF","±10%","16V","X7R","-55°C ~ 125°C","-","-","General Purpose","-","Surface Mount, MLCC","1206 (3216 Metric)","0.126"" L x 0.063"" W (3.20mm x 1.60mm)","-","0.075"" (1.90mm)","-","-"
"https://datasheets.kyocera-avx.com/X7RDielectric.pdf","//mm.digikey.com/Volume0/opasdata/d220001/medias/images/736/1206-%283216-Metric%29-0%2C94mm-J-Code.jpg","1206YC274MAT2A-ND","1206YC274MAT2A","KYOCERA AVX","KYOCERA AVX","CAP CER 0.27UF 16V X7R 1206","0","0.09981","0","4000","Tape & Reel (TR)","-","Active","0.27 µF","±20%","16V","X7R","-55°C ~ 125°C","-","-","General Purpose","-","Surface Mount, MLCC","1206 (3216 Metric)","0.126"" L x 0.063"" W (3.20mm x 1.60mm)","-","0.037"" (0.94mm)","-","-"
"https://datasheets.kyocera-avx.com/AutoMLCCKAM.pdf","-","478-KAM31BR71C334MTTR-ND","1206YC334M4T2A","KYOCERA AVX","KYOCERA AVX","CAP CER 0.33UF 16V X7R 1206","0","0.10383","0","2000","Tape & Reel (TR)","-","Active","0.33 µF","±20%","16V","X7R","-55°C ~ 125°C","-","AEC-Q200","Automotive","-","Surface Mount, MLCC","1206 (3216 Metric)","0.126"" L x 0.063"" W (3.20mm x 1.60mm)","-","0.037"" (0.94mm)","-","-"
"https://datasheets.kyocera-avx.com/AutoMLCCKAM.pdf","-","478-KAM31GR71C475KLTR-ND","1206YC475K4T4A","KYOCERA AVX","KYOCERA AVX","CAP CER 4.7UF 16V X7R 1206","0","0.10815","0","5000","Tape & Reel (TR)","-","Active","4.7 µF","±10%","16V","X7R","-55°C ~ 125°C","-","AEC-Q200","Automotive","-","Surface Mount, MLCC","1206 (3216 Metric)","0.126"" L x 0.063"" W (3.20mm x 1.60mm)","-","0.070"" (1.78mm)","-","-"
"https://datasheets.kyocera-avx.com/KGF.pdf","//mm.digikey.com/Volume0/opasdata/d220001/medias/images/919/1206-%283216-Metric%29-1%2C52mm-P-Code.jpg","478-KGF31BR71C224KMTR-ND","KGF31BR71C224KM","KYOCERA AVX","KYOCERA AVX","CAP CER SMD","0","0.10863","0","15000","Tape & Reel (TR)","FLEXITERM®","Active","0.22 µF","±10%","16V","X7R","-55°C ~ 125°C","Soft Termination","-","Boardflex Sensitive","-","Surface Mount, MLCC","1206 (3216 Metric)","0.126"" L x 0.063"" W (3.20mm x 1.60mm)","-","0.037"" (0.94mm)","-","-"
"https://datasheets.kyocera-avx.com/AutoMLCCKAM.pdf","-","478-KAM31BR71C334KTTR-ND","1206YC334K4T2A","KYOCERA AVX","KYOCERA AVX","CAP CER 0.33UF 16V X7R 1206","0","0.10939","0","2000","Tape & Reel (TR)","-","Active","0.33 µF","±10%","16V","X7R","-55°C ~ 125°C","-","AEC-Q200","Automotive","-","Surface Mount, MLCC","1206 (3216 Metric)","0.126"" L x 0.063"" W (3.20mm x 1.60mm)","-","0.037"" (0.94mm)","-","-"
"https://datasheets.kyocera-avx.com/AutoMLCCKAM.pdf","//mm.digikey.com/Volume0/opasdata/d220001/medias/images/805/1206-%283216-Metric%29-1%2C78mm-Q-Code.jpg","478-KAM31GR71C225KUTR-ND","1206YC225K4T2A","KYOCERA AVX","KYOCERA AVX","CAP CER 2.2UF 16V X7R 1206","0","0.11536","0","2000","Tape & Reel (TR)","-","Active","2.2 µF","±10%","16V","X7R","-55°C ~ 125°C","-","AEC-Q200","Automotive","-","Surface Mount, MLCC","1206 (3216 Metric)","0.126"" L x 0.063"" W (3.20mm x 1.60mm)","-","0.070"" (1.78mm)","-","-"
"https://datasheets.kyocera-avx.com/LD-Series.pdf","//mm.digikey.com/Volume0/opasdata/d220001/medias/images/736/1206-%283216-Metric%29-0%2C94mm-J-Code.jpg","LD06YC102MAB2A-ND","LD06YC102MAB2A","KYOCERA AVX","KYOCERA AVX","CAP CER 1000PF 16V X7R 1206","0","0.13122","0","8000","Tape & Reel (TR)","LD","Active","1000 pF","±20%","16V","X7R","-55°C ~ 125°C","-","-","General Purpose","-","Surface Mount, MLCC","1206 (3216 Metric)","0.126"" L x 0.063"" W (3.20mm x 1.60mm)","-","0.037"" (0.94mm)","-","-"
"https://datasheets.kyocera-avx.com/LD-Series.pdf","//mm.digikey.com/Volume0/opasdata/d220001/medias/images/736/1206-%283216-Metric%29-0%2C94mm-J-Code.jpg","LD06YC103KAB2A-ND","LD06YC103KAB2A","KYOCERA AVX","KYOCERA AVX","CAP CER 10000PF 16V X7R 1206","0","0.13843","0","8000","Tape & Reel (TR)","LD","Active","10000 pF","±10%","16V","X7R","-55°C ~ 125°C","-","-","General Purpose","-","Surface Mount, MLCC","1206 (3216 Metric)","0.126"" L x 0.063"" W (3.20mm x 1.60mm)","-","0.037"" (0.94mm)","-","-"
"https://datasheets.kyocera-avx.com/KGM_X7R.pdf","//mm.digikey.com/Volume0/opasdata/d220001/medias/images/761/1206-%283216-Metric%29-1%2C27mm-M-Code.jpg","478-KGM31HR71C474MLTR-ND","KGM31HR71C474ML","KYOCERA AVX","KYOCERA AVX","CAP CER 0.47UF 16V X7R 1206","0","0.13843","0","10000","Tape & Reel (TR)","KGM - X7R","Active","0.47 µF","±20%","16V","X7R","-55°C ~ 125°C","-","-","General Purpose","-","Surface Mount, MLCC","1206 (3216 Metric)","0.126"" L x 0.063"" W (3.20mm x 1.60mm)","-","0.075"" (1.90mm)","-","-"
"-","-","478-1206YC106KAT4A\8KTR-ND","1206YC106KAT4A\8K","KYOCERA AVX","KYOCERA AVX","CAP CER 10UF 16V X7R 1206","0","0.14276","0","8000","Tape & Reel (TR)","-","Active","10 µF","±10%","16V","X7R","-55°C ~ 125°C","-","-","General Purpose","-","Surface Mount, MLCC","1206 (3216 Metric)","0.126"" L x 0.063"" W (3.20mm x 1.60mm)","-","0.070"" (1.78mm)","-","-"
"-","-","478-1206YC394KAT4ATR-ND","1206YC394KAT4A","KYOCERA AVX","KYOCERA AVX","CAP CER SMD","0","0.14276","0","10000","Tape & Reel (TR)","-","Active","0.39 µF","±10%","16V","X7R","-55°C ~ 125°C","-","-","General Purpose","-","Surface Mount, MLCC","1206 (3216 Metric)","0.126"" L x 0.063"" W (3.20mm x 1.60mm)","-","-","-","-"
"https://datasheets.kyocera-avx.com/LD-Series.pdf","//mm.digikey.com/Volume0/opasdata/d220001/medias/images/736/1206-%283216-Metric%29-0%2C94mm-J-Code.jpg","LD06YC683KAB2A-ND","LD06YC683KAB2A","KYOCERA AVX","KYOCERA AVX","CAP CER 0.068UF 16V X7R 1206","0","0.14708","0","8000","Tape & Reel (TR)","LD","Active","0.068 µF","±10%","16V","X7R","-55°C ~ 125°C","-","-","General Purpose","-","Surface Mount, MLCC","1206 (3216 Metric)","0.126"" L x 0.063"" W (3.20mm x 1.60mm)","-","0.037"" (0.94mm)","-","-"
"https://datasheets.kyocera-avx.com/LD-Series.pdf","//mm.digikey.com/Volume0/opasdata/d220001/medias/images/736/1206-%283216-Metric%29-0%2C94mm-J-Code.jpg","LD06YC104KAB2A-ND","LD06YC104KAB2A","KYOCERA AVX","KYOCERA AVX","CAP CER 0.1UF 16V X7R 1206","0","0.14853","0","8000","Tape & Reel (TR)","LD","Active","0.1 µF","±10%","16V","X7R","-55°C ~ 125°C","-","-","General Purpose","-","Surface Mount, MLCC","1206 (3216 Metric)","0.126"" L x 0.063"" W (3.20mm x 1.60mm)","-","0.037"" (0.94mm)","-","-"
"https://datasheets.kyocera-avx.com/KGM_X7R.pdf","//mm.digikey.com/Volume0/opasdata/d220001/medias/images/761/1206-%283216-Metric%29-1%2C27mm-M-Code.jpg","478-KGM31HR71C474MUTR-ND","KGM31HR71C474MU","KYOCERA AVX","KYOCERA AVX","CAP CER 0.47UF 16V X7R 1206","0","0.15821","0","2000","Tape & Reel (TR)","KGM - X7R","Active","0.47 µF","±20%","16V","X7R","-55°C ~ 125°C","-","-","General Purpose","-","Surface Mount, MLCC","1206 (3216 Metric)","0.126"" L x 0.063"" W (3.20mm x 1.60mm)","-","0.075"" (1.90mm)","-","-"
"https://datasheets.kyocera-avx.com/X7RDielectric.pdf","//mm.digikey.com/Volume0/opasdata/d220001/medias/images/761/1206-%283216-Metric%29-1%2C27mm-M-Code.jpg","1206YC564MAT2A-ND","1206YC564MAT2A","KYOCERA AVX","KYOCERA AVX","CAP CER 0.56UF 16V X7R 1206","0","0.15821","0","2000","Tape & Reel (TR)","-","Active","0.56 µF","±20%","16V","X7R","-55°C ~ 125°C","-","-","General Purpose","-","Surface Mount, MLCC","1206 (3216 Metric)","0.126"" L x 0.063"" W (3.20mm x 1.60mm)","-","0.050"" (1.27mm)","-","-"
"https://datasheets.kyocera-avx.com/KGM_X7R.pdf","-","478-KGM31HR71C105JLTR-ND","KGM31HR71C105JL","KYOCERA AVX","KYOCERA AVX","CAP CER 1UF 16V X7R 1206","0","0.15862","0","10000","Tape & Reel (TR)","KGM - X7R","Active","1 µF","±5%","16V","X7R","-55°C ~ 125°C","-","-","General Purpose","-","Surface Mount, MLCC","1206 (3216 Metric)","0.126"" L x 0.063"" W (3.20mm x 1.60mm)","-","0.075"" (1.90mm)","-","-"
"https://datasheets.kyocera-avx.com/X7RDielectric.pdf","//mm.digikey.com/Volume0/opasdata/d220001/medias/images/736/1206-%283216-Metric%29-0%2C94mm-J-Code.jpg","1206YC394KAT2A-ND","1206YC394KAT2A","KYOCERA AVX","KYOCERA AVX","CAP CER 0.39UF 16V X7R 1206","0","0.16315","0","2000","Tape & Reel (TR)","-","Active","0.39 µF","±10%","16V","X7R","-55°C ~ 125°C","-","-","General Purpose","-","Surface Mount, MLCC","1206 (3216 Metric)","0.126"" L x 0.063"" W (3.20mm x 1.60mm)","-","0.037"" (0.94mm)","-","-"
"https://datasheets.kyocera-avx.com/X7RDielectric.pdf","//mm.digikey.com/Volume0/opasdata/d220001/medias/images/761/1206-%283216-Metric%29-1%2C27mm-M-Code.jpg","1206YC564KAT2A-ND","1206YC564KAT2A","KYOCERA AVX","KYOCERA AVX","CAP CER 0.56UF 16V X7R 1206","0","0.16315","0","2000","Tape & Reel (TR)","-","Active","0.56 µF","±10%","16V","X7R","-55°C ~ 125°C","-","-","General Purpose","-","Surface Mount, MLCC","1206 (3216 Metric)","0.126"" L x 0.063"" W (3.20mm x 1.60mm)","-","0.050"" (1.27mm)","-","-"
"https://datasheets.kyocera-avx.com/X7RDielectric.pdf","//mm.digikey.com/Volume0/opasdata/d220001/medias/images/761/1206-%283216-Metric%29-1%2C27mm-M-Code.jpg","1206YC824KAT2A-ND","1206YC824KAT2A","KYOCERA AVX","KYOCERA AVX","CAP CER 0.82UF 16V X7R 1206","0","0.16315","0","2000","Tape & Reel (TR)","-","Active","0.82 µF","±10%","16V","X7R","-55°C ~ 125°C","-","-","General Purpose","-","Surface Mount, MLCC","1206 (3216 Metric)","0.126"" L x 0.063"" W (3.20mm x 1.60mm)","-","0.050"" (1.27mm)","-","-"
"https://datasheets.kyocera-avx.com/LD-Series.pdf","//mm.digikey.com/Volume0/opasdata/d220001/medias/images/736/1206-%283216-Metric%29-0%2C94mm-J-Code.jpg","LD06YC334KAB2A-ND","LD06YC334KAB2A","KYOCERA AVX","KYOCERA AVX","CAP CER 0.33UF 16V X7R 1206","0","0.16727","0","8000","Tape & Reel (TR)","LD","Active","0.33 µF","±10%","16V","X7R","-55°C ~ 125°C","-","-","General Purpose","-","Surface Mount, MLCC","1206 (3216 Metric)","0.126"" L x 0.063"" W (3.20mm x 1.60mm)","-","0.037"" (0.94mm)","-","-"
"https://datasheets.kyocera-avx.com/KGM_X7R.pdf","-","478-KGM31HR71C225MLTR-ND","KGM31HR71C225ML","KYOCERA AVX","KYOCERA AVX","CAP CER 2.2UF 16V X7R 1206","0","0.16871","0","10000","Tape & Reel (TR)","KGM - X7R","Active","2.2 µF","±20%","16V","X7R","-55°C ~ 125°C","-","-","General Purpose","-","Surface Mount, MLCC","1206 (3216 Metric)","0.126"" L x 0.063"" W (3.20mm x 1.60mm)","-","0.075"" (1.90mm)","-","-"
"https://datasheets.kyocera-avx.com/LD-Series.pdf","//mm.digikey.com/Volume0/opasdata/d220001/medias/images/736/1206-%283216-Metric%29-0%2C94mm-J-Code.jpg","LD06YC184JAB2A-ND","LD06YC184JAB2A","KYOCERA AVX","KYOCERA AVX","CAP CER 0.18UF 16V X7R 1206","0","0.1716","0","8000","Tape & Reel (TR)","LD","Active","0.18 µF","±5%","16V","X7R","-55°C ~ 125°C","-","-","General Purpose","-","Surface Mount, MLCC","1206 (3216 Metric)","0.126"" L x 0.063"" W (3.20mm x 1.60mm)","-","0.037"" (0.94mm)","-","-"
"https://datasheets.kyocera-avx.com/KGM_X7R.pdf","//mm.digikey.com/Volume0/opasdata/d220001/medias/images/761/1206-%283216-Metric%29-1%2C27mm-M-Code.jpg","478-KGM31HR71C684MUTR-ND","KGM31HR71C684MU","KYOCERA AVX","KYOCERA AVX","CAP CER 0.68UF 16V X7R 1206","0","0.17799","0","2000","Tape & Reel (TR)","KGM - X7R","Active","0.68 µF","±20%","16V","X7R","-55°C ~ 125°C","-","-","General Purpose","-","Surface Mount, MLCC","1206 (3216 Metric)","0.126"" L x 0.063"" W (3.20mm x 1.60mm)","-","0.075"" (1.90mm)","-","-"
"https://datasheets.kyocera-avx.com/KGF.pdf","//mm.digikey.com/Volume0/opasdata/d220001/medias/images/919/1206-%283216-Metric%29-1%2C52mm-P-Code.jpg","478-KGF31NR71C105KLTR-ND","KGF31NR71C105KL","KYOCERA AVX","KYOCERA AVX","CAP CER SMD","0","0.19272","0","10000","Tape & Reel (TR)","FLEXITERM®","Active","1 µF","±10%","16V","X7R","-55°C ~ 125°C","Soft Termination","-","Boardflex Sensitive","-","Surface Mount, MLCC","1206 (3216 Metric)","0.126"" L x 0.063"" W (3.20mm x 1.60mm)","-","0.050"" (1.27mm)","-","-"
"https://datasheets.kyocera-avx.com/X7RDielectric.pdf","//mm.digikey.com/Volume0/opasdata/d220001/medias/images/736/1206-%283216-Metric%29-0%2C94mm-J-Code.jpg","1206YC155KAT2A-ND","1206YC155KAT2A","KYOCERA AVX","KYOCERA AVX","CAP CER 1.5UF 16V X7R 1206","0","0.19282","0","2000","Tape & Reel (TR)","-","Active","1.5 µF","±10%","16V","X7R","-55°C ~ 125°C","-","-","General Purpose","-","Surface Mount, MLCC","1206 (3216 Metric)","0.126"" L x 0.063"" W (3.20mm x 1.60mm)","-","0.037"" (0.94mm)","-","-"
"https://datasheets.kyocera-avx.com/KGM_X7R.pdf","-","478-KGM31HR71C225MUTR-ND","KGM31HR71C225MU","KYOCERA AVX","KYOCERA AVX","CAP CER 2.2UF 16V X7R 1206","0","0.19282","0","3000","Tape & Reel (TR)","KGM - X7R","Active","2.2 µF","±20%","16V","X7R","-55°C ~ 125°C","-","-","General Purpose","-","Surface Mount, MLCC","1206 (3216 Metric)","0.126"" L x 0.063"" W (3.20mm x 1.60mm)","-","0.075"" (1.90mm)","-","-"
"-","-","478-1206YC155MAT2ATR-ND","1206YC155MAT2A","KYOCERA AVX","KYOCERA AVX","CAP CER SMD","0","0.19776","0","2000","Tape & Reel (TR)","-","Active","1.5 µF","±20%","16V","X7R","-55°C ~ 125°C","-","-","General Purpose","-","Surface Mount, MLCC","1206 (3216 Metric)","0.126"" L x 0.063"" W (3.20mm x 1.60mm)","-","0.070"" (1.78mm)","-","-"
"https://datasheets.kyocera-avx.com/KGF.pdf","//mm.digikey.com/Volume0/opasdata/d220001/medias/images/736/1206-%283216-Metric%29-0%2C94mm-J-Code.jpg","478-KGF31NR71C474MUTR-ND","KGF31NR71C474MU","KYOCERA AVX","KYOCERA AVX","CAP CER 0.47UF 16V X7R 1206","0","0.20765","0","2000","Tape & Reel (TR)","FLEXITERM®","Active","0.47 µF","±20%","16V","X7R","-55°C ~ 125°C","Soft Termination","-","Boardflex Sensitive","-","Surface Mount, MLCC","1206 (3216 Metric)","0.126"" L x 0.063"" W (3.20mm x 1.60mm)","-","0.037"" (0.94mm)","-","-"
"https://datasheets.kyocera-avx.com/KGF.pdf","//mm.digikey.com/Volume0/opasdata/d220001/medias/images/761/1206-%283216-Metric%29-1%2C27mm-M-Code.jpg","478-KGF31NR71C105MUTR-ND","1206YC105MAZ2A","KYOCERA AVX","KYOCERA AVX","CAP CER 1UF 16V X7R 1206","0","0.21414","0","2000","Tape & Reel (TR)","FLEXITERM®","Active","1 µF","±20%","16V","X7R","-55°C ~ 125°C","Soft Termination","-","Boardflex Sensitive","-","Surface Mount, MLCC","1206 (3216 Metric)","0.126"" L x 0.063"" W (3.20mm x 1.60mm)","-","0.050"" (1.27mm)","-","-"
"https://datasheets.kyocera-avx.com/KGF.pdf","//mm.digikey.com/Volume0/opasdata/d220001/medias/images/919/1206-%283216-Metric%29-1%2C52mm-P-Code.jpg","478-KGF31NR71C105JUTR-ND","1206YC105JAZ2A","KYOCERA AVX","KYOCERA AVX","CAP CER SMD","0","0.21414","0","2000","Tape & Reel (TR)","FLEXITERM®","Active","1 µF","±5%","16V","X7R","-55°C ~ 125°C","Soft Termination","-","Boardflex Sensitive","-","Surface Mount, MLCC","1206 (3216 Metric)","0.126"" L x 0.063"" W (3.20mm x 1.60mm)","-","0.050"" (1.27mm)","-","-"
"-","-","478-1206YC225JAT2ATR-ND","1206YC225JAT2A","KYOCERA AVX","KYOCERA AVX","CAP CER SMD","0","0.23175","0","3000","Tape & Reel (TR)","-","Active","2.2 µF","±5%","16V","X7R","-55°C ~ 125°C","-","-","General Purpose","-","Surface Mount, MLCC","1206 (3216 Metric)","0.126"" L x 0.063"" W (3.20mm x 1.60mm)","-","0.070"" (1.78mm)","-","-"
"https://datasheets.kyocera-avx.com/LD-Series.pdf","//mm.digikey.com/Volume0/opasdata/d220001/medias/images/761/1206-%283216-Metric%29-1%2C27mm-M-Code.jpg","LD06YC474KAB2A-ND","LD06YC474KAB2A","KYOCERA AVX","KYOCERA AVX","CAP CER 0.47UF 16V X7R 1206","0","0.2437","0","4000","Tape & Reel (TR)","LD","Active","0.47 µF","±10%","16V","X7R","-55°C ~ 125°C","-","-","General Purpose","-","Surface Mount, MLCC","1206 (3216 Metric)","0.126"" L x 0.063"" W (3.20mm x 1.60mm)","-","0.050"" (1.27mm)","-","-"
"https://datasheets.kyocera-avx.com/LD-Series.pdf","//mm.digikey.com/Volume0/opasdata/d220001/medias/images/761/1206-%283216-Metric%29-1%2C27mm-M-Code.jpg","LD06YC564KAB2A-ND","LD06YC564KAB2A","KYOCERA AVX","KYOCERA AVX","CAP CER 0.56UF 16V X7R 1206","0","0.2437","0","4000","Tape & Reel (TR)","LD","Active","0.56 µF","±10%","16V","X7R","-55°C ~ 125°C","-","-","General Purpose","-","Surface Mount, MLCC","1206 (3216 Metric)","0.126"" L x 0.063"" W (3.20mm x 1.60mm)","-","0.050"" (1.27mm)","-","-"
"https://datasheets.kyocera-avx.com/LD-Series.pdf","//mm.digikey.com/Volume0/opasdata/d220001/medias/images/761/1206-%283216-Metric%29-1%2C27mm-M-Code.jpg","LD06YC684KAB2A-ND","LD06YC684KAB2A","KYOCERA AVX","KYOCERA AVX","CAP CER 0.68UF 16V X7R 1206","0","0.2437","0","4000","Tape & Reel (TR)","LD","Active","0.68 µF","±10%","16V","X7R","-55°C ~ 125°C","-","-","General Purpose","-","Surface Mount, MLCC","1206 (3216 Metric)","0.126"" L x 0.063"" W (3.20mm x 1.60mm)","-","0.050"" (1.27mm)","-","-"
"https://datasheets.kyocera-avx.com/FlexitermMLCC.pdf","//mm.digikey.com/Volume0/opasdata/d220001/medias/images/919/1206-%283216-Metric%29-1%2C52mm-P-Code.jpg","478-KAF31NR71C105KLTR-ND","1206YC105K4Z4A","KYOCERA AVX","KYOCERA AVX","CAP CER SMD","0","0.2593","0","10000","Tape & Reel (TR)","FLEXITERM®","Active","1 µF","±10%","16V","X7R","-55°C ~ 125°C","Soft Termination","AEC-Q200","Automotive, Boardflex Sensitive","-","Surface Mount, MLCC","1206 (3216 Metric)","0.126"" L x 0.063"" W (3.20mm x 1.60mm)","-","0.050"" (1.27mm)","-","-"
"https://datasheets.kyocera-avx.com/KGF.pdf","//mm.digikey.com/Volume0/opasdata/d220001/medias/images/736/1206-%283216-Metric%29-0%2C94mm-J-Code.jpg","478-KGF31GR71C155KUTR-ND","1206YC155KAZ2A","KYOCERA AVX","KYOCERA AVX","CAP CER 1.5UF 16V X7R 1206","0","0.25956","0","2000","Tape & Reel (TR)","FLEXITERM®","Active","1.5 µF","±10%","16V","X7R","-55°C ~ 125°C","Soft Termination","-","Boardflex Sensitive","-","Surface Mount, MLCC","1206 (3216 Metric)","0.126"" L x 0.063"" W (3.20mm x 1.60mm)","-","0.037"" (0.94mm)","-","-"
"https://datasheets.kyocera-avx.com/FlexitermMLCC.pdf","//mm.digikey.com/Volume0/opasdata/d220001/medias/images/919/1206-%283216-Metric%29-1%2C52mm-P-Code.jpg","478-KAF31GR71C225KUTR-ND","1206YC225K4Z2A","KYOCERA AVX","KYOCERA AVX","CAP CER SMD","0","0.25956","0","2000","Tape & Reel (TR)","FLEXITERM®","Active","2.2 µF","±10%","16V","X7R","-55°C ~ 125°C","Soft Termination","AEC-Q200","Automotive, Boardflex Sensitive","-","Surface Mount, MLCC","1206 (3216 Metric)","0.126"" L x 0.063"" W (3.20mm x 1.60mm)","-","0.070"" (1.78mm)","-","-"
"-","//mm.digikey.com/Volume0/opasdata/d220001/medias/images/919/1206-%283216-Metric%29-1%2C52mm-P-Code.jpg","478-1206YC564KAZ2ATR-ND","1206YC564KAZ2A","KYOCERA AVX","KYOCERA AVX","CAP CER SMD","0","0.2642","0","2000","Tape & Reel (TR)","FLEXITERM®","Active","0.56 µF","±10%","16V","X7R","-55°C ~ 125°C","Soft Termination","-","Boardflex Sensitive","-","Surface Mount, MLCC","1206 (3216 Metric)","0.126"" L x 0.063"" W (3.20mm x 1.60mm)","-","0.050"" (1.27mm)","-","-"
"https://datasheets.kyocera-avx.com/KGF.pdf","//mm.digikey.com/Volume0/opasdata/d220001/medias/images/919/1206-%283216-Metric%29-1%2C52mm-P-Code.jpg","478-KGF31NR71C474KUTR-ND","1206YC474KAZ2A","KYOCERA AVX","KYOCERA AVX","CAP CER SMD","0","0.2642","0","2000","Tape & Reel (TR)","FLEXITERM®","Active","0.47 µF","±10%","16V","X7R","-55°C ~ 125°C","Soft Termination","-","Boardflex Sensitive","-","Surface Mount, MLCC","1206 (3216 Metric)","0.126"" L x 0.063"" W (3.20mm x 1.60mm)","-","0.050"" (1.27mm)","-","-"
"https://datasheets.kyocera-avx.com/KGF.pdf","//mm.digikey.com/Volume0/opasdata/d220001/medias/images/919/1206-%283216-Metric%29-1%2C52mm-P-Code.jpg","478-KGF31NR71C684KUTR-ND","1206YC684KAZ2A","KYOCERA AVX","KYOCERA AVX","CAP CER SMD","0","0.2642","0","2000","Tape & Reel (TR)","FLEXITERM®","Active","0.68 µF","±10%","16V","X7R","-55°C ~ 125°C","Soft Termination","-","Boardflex Sensitive","-","Surface Mount, MLCC","1206 (3216 Metric)","0.126"" L x 0.063"" W (3.20mm x 1.60mm)","-","0.050"" (1.27mm)","-","-"
"https://datasheets.kyocera-avx.com/KGM_X7R.pdf","-","478-KGM31AR71C106MLTR-ND","KGM31AR71C106ML","KYOCERA AVX","KYOCERA AVX","CAP CER 10UF 16V X7R 1206","0","0.4017","0","9000","Tape & Reel (TR)","KGM - X7R","Active","10 µF","±20%","16V","X7R","-55°C ~ 125°C","-","-","General Purpose","-","Surface Mount, MLCC","1206 (3216 Metric)","0.126"" L x 0.063"" W (3.20mm x 1.60mm)","-","0.075"" (1.90mm)","-","-"
"https://datasheets.kyocera-avx.com/X7RDielectric.pdf","//mm.digikey.com/Volume0/opasdata/d220001/medias/images/761/1206-%283216-Metric%29-1%2C27mm-M-Code.jpg","1206YC105KA12A-ND","1206YC105KA12A","KYOCERA AVX","KYOCERA AVX","CAP CER 1UF 16V X7R 1206","0","0.5656","0","2000","Tape & Reel (TR)","-","Discontinued at Digi-Key","1 µF","±10%","16V","X7R","-55°C ~ 125°C","-","-","General Purpose","-","Surface Mount, MLCC","1206 (3216 Metric)","0.126"" L x 0.063"" W (3.20mm x 1.60mm)","-","0.050"" (1.27mm)","-","-"
"https://datasheets.kyocera-avx.com/KGM_X7R.pdf","//mm.digikey.com/Volume0/opasdata/d220001/medias/images/761/1206-%283216-Metric%29-1%2C27mm-M-Code.jpg","478-KGM31HR71C105MLTR-ND,478-KGM31HR71C105MLCT-ND,478-KGM31HR71C105MLDKR-ND","1206YC105MAT4A","KYOCERA AVX","KYOCERA AVX","CAP CER 1UF 16V X7R 1206","0","0.63","0","1","Tape & Reel (TR),Cut Tape (CT),Digi-Reel®","KGM - X7R","Active","1 µF","±20%","16V","X7R","-55°C ~ 125°C","-","-","General Purpose","-","Surface Mount, MLCC","1206 (3216 Metric)","0.126"" L x 0.063"" W (3.20mm x 1.60mm)","-","0.075"" (1.90mm)","-","-"
"//mm.digikey.com/Volume0/opasdata/d220001/medias/docus/696/AU_Series_DS.pdf","//mm.digikey.com/Volume0/opasdata/d220001/medias/images/2498/AU-SERIES CAPACITOR.jpg","AU06YC155KA72A-ND","AU06YC155KA72A","KYOCERA AVX","KYOCERA AVX","CAP CER 1.5UF 16V X7R 1206","0","1.32098","0","2000","Tape & Reel (TR)","AU","Active","1.5 µF","±10%","16V","X7R","-55°C ~ 125°C","Gold Flash Termination","-","General Purpose","-","Surface Mount, MLCC","1206 (3216 Metric)","0.126"" L x 0.063"" W (3.20mm x 1.60mm)","-","0.070"" (1.78mm)","-","-"
"//mm.digikey.com/Volume0/opasdata/d220001/medias/docus/696/AU_Series_DS.pdf","//mm.digikey.com/Volume0/opasdata/d220001/medias/images/2498/AU-SERIES CAPACITOR.jpg","AU06YC475KA72A-ND","AU06YC475KA72A","KYOCERA AVX","KYOCERA AVX","CAP CER 4.7UF 16V X7R 1206","0","1.32098","0","2000","Tape & Reel (TR)","AU","Active","4.7 µF","±10%","16V","X7R","-55°C ~ 125°C","Gold Flash Termination","-","General Purpose","-","Surface Mount, MLCC","1206 (3216 Metric)","0.126"" L x 0.063"" W (3.20mm x 1.60mm)","-","0.070"" (1.78mm)","-","-"
"https://datasheets.kyocera-avx.com/AU-Series.pdf","-","478-AU06YC334JA72ATR-ND","AU06YC334JA72A","KYOCERA AVX","KYOCERA AVX","LD SERIES","0","1.32098","0","4000","Tape & Reel (TR)","AU","Active","0.33 µF","±5%","16V","X7R","-55°C ~ 125°C","-","-","General Purpose","-","Surface Mount, MLCC","1206 (3216 Metric)","0.126"" L x 0.063"" W (3.20mm x 1.60mm)","-","0.037"" (0.94mm)","-","-"
"https://datasheets.kyocera-avx.com/AU-Series.pdf","-","478-AU06YC105KA72ATR-ND","AU06YC105KA72A","KYOCERA AVX","KYOCERA AVX","LD SERIES","0","1.32098","0","2000","Tape & Reel (TR)","AU","Active","1 µF","±10%","16V","X7R","-55°C ~ 125°C","-","-","General Purpose","-","Surface Mount, MLCC","1206 (3216 Metric)","0.126"" L x 0.063"" W (3.20mm x 1.60mm)","-","0.050"" (1.27mm)","-","-"
"https://datasheets.kyocera-avx.com/AU-Series.pdf","-","478-AU06YC474KA72ATR-ND","AU06YC474KA72A","KYOCERA AVX","KYOCERA AVX","LD SERIES","0","1.32098","0","2000","Tape & Reel (TR)","AU","Active","0.47 µF","±10%","16V","X7R","-55°C ~ 125°C","-","-","General Purpose","-","Surface Mount, MLCC","1206 (3216 Metric)","0.126"" L x 0.063"" W (3.20mm x 1.60mm)","-","0.050"" (1.27mm)","-","-"
"-","//mm.digikey.com/Volume0/opasdata/d220001/medias/images/2498/AU-SERIES CAPACITOR.jpg","AU06YC105KA76A-ND","AU06YC105KA76A","KYOCERA AVX","KYOCERA AVX","CAP CER 1UF 16V X7R 1206","0","1.5656","0","527","Bulk","AU","Active","1 µF","±10%","16V","X7R","-55°C ~ 125°C","Gold Flash Termination","-","General Purpose","-","Surface Mount, MLCC","1206 (3216 Metric)","0.126"" L x 0.063"" W (3.20mm x 1.60mm)","-","0.050"" (1.27mm)","-","-"
"https://datasheets.kyocera-avx.com/LD-Series.pdf","//mm.digikey.com/Volume0/opasdata/d220001/medias/images/761/1206-%283216-Metric%29-1%2C27mm-M-Code.jpg","LD06YC105JAB2A-ND","LD06YC105JAB2A","KYOCERA AVX","KYOCERA AVX","CAP CER 1UF 16V X7R 1206","0","Active","0","0","Tape & Reel (TR)","LD","Active","1 µF","±5%","16V","X7R","-55°C ~ 125°C","-","-","General Purpose","-","Surface Mount, MLCC","1206 (3216 Metric)","0.126"" L x 0.063"" W (3.20mm x 1.60mm)","-","0.050"" (1.27mm)","-","-"
"https://datasheets.kyocera-avx.com/X7RDielectric.pdf","//mm.digikey.com/Volume0/opasdata/d220001/medias/images/761/1206-%283216-Metric%29-1%2C27mm-M-Code.jpg","1206YC105KAT6A-ND","1206YC105KAT6A","KYOCERA AVX","KYOCERA AVX","CAP CER 1UF 16V X7R 1206","0","Active","0","0","Tray","-","Active","1 µF","±10%","16V","X7R","-55°C ~ 125°C","-","-","General Purpose","-","Surface Mount, MLCC","1206 (3216 Metric)","0.126"" L x 0.063"" W (3.20mm x 1.60mm)","-","0.050"" (1.27mm)","-","-"
"https://datasheets.kyocera-avx.com/X7RDielectric.pdf","//mm.digikey.com/Volume0/opasdata/d220001/medias/images/736/1206-%283216-Metric%29-0%2C94mm-J-Code.jpg","1206YC334MAT2M-ND","1206YC334MAT2M","KYOCERA AVX","KYOCERA AVX","CAP CER 0.33UF 16V X7R 1206","0","Active","0","0","Tape & Reel (TR)","-","Active","0.33 µF","±20%","16V","X7R","-55°C ~ 125°C","-","-","General Purpose","-","Surface Mount, MLCC","1206 (3216 Metric)","0.126"" L x 0.063"" W (3.20mm x 1.60mm)","-","0.037"" (0.94mm)","-","-"
"https://datasheets.kyocera-avx.com/X7RDielectric.pdf","//mm.digikey.com/Volume0/opasdata/d220001/medias/images/761/1206-%283216-Metric%29-1%2C27mm-M-Code.jpg","1206YC474KAT2P-ND","1206YC474KAT2P","KYOCERA AVX","KYOCERA AVX","CAP CER 0.47UF 16V X7R 1206","0","Active","0","0","Tape & Reel (TR)","-","Active","0.47 µF","±10%","16V","X7R","-55°C ~ 125°C","-","-","General Purpose","-","Surface Mount, MLCC","1206 (3216 Metric)","0.126"" L x 0.063"" W (3.20mm x 1.60mm)","-","0.050"" (1.27mm)","-","-"
"-","//mm.digikey.com/Volume0/opasdata/d220001/medias/images/2498/AU-SERIES CAPACITOR.jpg","AU06YC106KA76A-ND","AU06YC106KA76A","KYOCERA AVX","KYOCERA AVX","CAP CER 10UF 16V X7R 1206","0","Obsolete","0","0","Bulk","AU","Obsolete","10 µF","±10%","16V","X7R","-55°C ~ 125°C","Gold Flash Termination","-","General Purpose","-","Surface Mount, MLCC","1206 (3216 Metric)","0.126"" L x 0.063"" W (3.20mm x 1.60mm)","-","-","-","-"
"//mm.digikey.com/Volume0/opasdata/d220001/medias/docus/696/AU_Series_DS.pdf","//mm.digikey.com/Volume0/opasdata/d220001/medias/images/2498/AU-SERIES CAPACITOR.jpg","AU06YC106KA72A-ND","AU06YC106KA72A","KYOCERA AVX","KYOCERA AVX","CAP CER 10UF 16V X7R 1206","0","Obsolete","0","0","Tape & Reel (TR)","AU","Obsolete","10 µF","±10%","16V","X7R","-55°C ~ 125°C","Gold Flash Termination","-","General Purpose","-","Surface Mount, MLCC","1206 (3216 Metric)","0.126"" L x 0.063"" W (3.20mm x 1.60mm)","-","-","-","-"
